election_id,status,pollster,intention_level,en_poll_id,es_poll_id,en_reference_date,es_reference_date,max_diff_raw,max_diff_efectiva,en_shares,es_shares
DIP_MR_2015,duplicado,Parametría,partido,DIP_MR_2015_en_t01_r009,DIP_MR_2015_t00_r009,2015-01-15,2015-01-15,0.0,0.0,MC=3; MORENA=10; PAN=27; PANAL=3; PES=1; PH=1; PRD=12; PRI=31; PT=2; PVEM=10,MC=3; MORENA=10; PAN=27; PANAL=3; PES=1; PH=1; PRD=12; PRI=31; PT=2; PVEM=10
DIP_MR_2015,duplicado,Buendía y Laredo,partido,DIP_MR_2015_en_t01_r008,DIP_MR_2015_t00_r008,2015-02-18,2015-02-18,0.0,0.0,MC=2; MORENA=9; PAN=26; PANAL=3; PES=1; PH=1; PRD=13; PRI=30; PT=3; PVEM=11,MC=2; MORENA=9; PAN=26; PANAL=3; PES=1; PH=1; PRD=13; PRI=30; PT=3; PVEM=11
DIP_MR_2015,duplicado,Consulta Mitofsky,partido,DIP_MR_2015_en_t01_r007,DIP_MR_2015_t00_r007,2015-02-22,2015-02-22,0.0,0.0,MC=3; MORENA=9; PAN=26; PANAL=2; PES=1; PH=1; PRD=16; PRI=31; PT=3; PVEM=8,MC=3; MORENA=9; PAN=26; PANAL=2; PES=1; PH=1; PRD=16; PRI=31; PT=3; PVEM=8
DIP_MR_2015,duplicado,Reforma,partido,DIP_MR_2015_en_t01_r006,DIP_MR_2015_t00_r006,2015-03-30,2015-03-30,0.0,0.0,MC=3; MORENA=8; PAN=22; PANAL=4; PES=4; PH=2; PRD=14; PRI=32; PT=2; PVEM=7,MC=3; MORENA=8; PAN=22; PANAL=4; PES=4; PH=2; PRD=14; PRI=32; PT=2; PVEM=7
DIP_MR_2015,duplicado,Parametría,partido,DIP_MR_2015_en_t01_r004,DIP_MR_2015_t00_r004,2015-06-02,2015-06-02,0.0,0.0,MC=6; MORENA=9; PAN=25; PANAL=4; PES=2; PH=2; PRD=11; PRI=31; PT=2; PVEM=8,MC=6; MORENA=9; PAN=25; PANAL=4; PES=2; PH=2; PRD=11; PRI=31; PT=2; PVEM=8
DIP_MR_2015,duplicado,Consulta Mitofsky,partido,DIP_MR_2015_en_t01_r005,DIP_MR_2015_t00_r005,2015-06-02,2015-06-02,0.0,0.0,MC=3.9; MORENA=9.8; PAN=23.9; PANAL=3.1; PES=0.7; PH=0.6; PRD=17.2; PRI=32; PT=2.8; PVEM=5.9,MC=3.9; MORENA=9.8; PAN=23.9; PANAL=3.1; PES=0.7; PH=0.6; PRD=17.2; PRI=32; PT=2.8; PVEM=5.9
DIP_MR_2015,duplicado,Buendía y Laredo,partido,DIP_MR_2015_en_t01_r002,DIP_MR_2015_t00_r002,2015-06-03,2015-06-03,0.0,0.0,MC=4.7; MORENA=8.8; PAN=24.7; PANAL=2.8; PES=2.4; PH=1.5; PRD=11.7; PRI=28.8; PT=4.1; PVEM=9.2,MC=4.7; MORENA=8.8; PAN=24.7; PANAL=2.8; PES=2.4; PH=1.5; PRD=11.7; PRI=28.8; PT=4.1; PVEM=9.2
DIP_MR_2015,duplicado,BGC,partido,DIP_MR_2015_en_t01_r003,DIP_MR_2015_t00_r003,2015-06-03,2015-06-03,0.0,0.0,MC=4; MORENA=9; PAN=26; PANAL=3; PES=1; PH=1; PRD=13; PRI=32; PT=2; PVEM=9,MC=4; MORENA=9; PAN=26; PANAL=3; PES=1; PH=1; PRD=13; PRI=32; PT=2; PVEM=9
DIP_MR_2021,duplicado,Massive Caller,partido,DIP_MR_2021_en_t02_r001,DIP_MR_2021_t00_r001,2020-08-31,2020-08-31,0.0,0.0,MC=3.23; MORENA=40; PAN=24.2; PRD=2.16; PRI=11.8,MC=3.23; MORENA=40; PAN=24.2; PRD=2.16; PRI=11.8
DIP_MR_2021,duplicado,GEA-ISA,partido,DIP_MR_2021_en_t02_r002,DIP_MR_2021_t00_r002,2020-09-07,2020-09-07,0.0,0.0,MORENA=22; PAN=14; PRI=17,MORENA=22; PAN=14; PRI=17
DIP_MR_2021,duplicado,Massive Caller,partido,DIP_MR_2021_en_t02_r003,DIP_MR_2021_t00_r003,2020-10-19,2020-10-19,0.0,0.0,MC=3.4; MORENA=41.8; PAN=31.7; PRD=2.3; PRI=12.3,MC=3.4; MORENA=41.8; PAN=31.7; PRD=2.3; PRI=12.3
DIP_MR_2021,duplicado,El Universal,partido,DIP_MR_2021_en_t02_r004,DIP_MR_2021_t00_r004,2020-11-17,2020-11-17,0.0,0.0,MC=3; MORENA=32; PAN=17; PRD=4; PRI=16,MC=3; MORENA=32; PAN=17; PRD=4; PRI=16
DIP_MR_2021,duplicado,Consulta Mitofsky,partido,DIP_MR_2021_en_t02_r005,DIP_MR_2021_t00_r005,2020-12-17,2020-12-17,0.0,0.0,MC=2.6; MORENA=28.4; PAN=14.9; PRD=2.6; PRI=10.8,MC=2.6; MORENA=28.4; PAN=14.9; PRD=2.6; PRI=10.8
DIP_MR_2021,duplicado,Consulta Mitofsky,partido,DIP_MR_2021_en_t02_r006,DIP_MR_2021_t00_r006,2020-12-27,2020-12-27,0.0,0.0,MC=1.4; MORENA=27.4; PAN=12.4; PRD=3.3; PRI=13.9,MC=1.4; MORENA=27.4; PAN=12.4; PRD=3.3; PRI=13.9
DIP_MR_2021,duplicado,El Financiero,partido,DIP_MR_2021_en_t02_r007,DIP_MR_2021_t00_r007,2021-01-30,2021-01-30,0.0,0.0,MORENA=38; PAN=11; PRD=3; PRI=10,MORENA=38; PAN=11; PRD=3; PRI=10
DIP_MR_2021,duplicado,Massive Caller,partido,DIP_MR_2021_en_t02_r008,DIP_MR_2021_t00_r008,2021-02-19,2021-02-19,0.0,0.0,MC=2.2; MORENA=51.3; PAN=31.3; PRD=2; PRI=10.7,MC=2.2; MORENA=51.3; PAN=31.3; PRD=2; PRI=10.7
DIP_MR_2021,duplicado,El Financiero,partido,DIP_MR_2021_en_t02_r009,DIP_MR_2021_t00_r009,2021-02-26,2021-02-26,0.0,0.0,MORENA=44; PAN=10; PRD=3; PRI=10,MORENA=44; PAN=10; PRD=3; PRI=10
DIP_MR_2021,duplicado,El Financiero,partido,DIP_MR_2021_en_t02_r010,DIP_MR_2021_t00_r010,2021-03-27,2021-03-27,0.0,0.0,MORENA=40; PAN=11; PRD=3; PRI=10,MORENA=40; PAN=11; PRD=3; PRI=10
DIP_MR_2021,duplicado,Parametría,partido,DIP_MR_2021_en_t02_r011,DIP_MR_2021_t00_r011,2021-04-10,2021-04-10,0.0,0.0,MC=4.5; MORENA=32; PAN=12; PRD=3; PRI=11,MC=4.5; MORENA=32; PAN=12; PRD=3; PRI=11
DIP_MR_2021,duplicado,Reforma,partido,DIP_MR_2021_en_t02_r013,DIP_MR_2021_t00_r013,2021-04-13,2021-04-13,0.0,0.0,MC=3; MORENA=45; PAN=17; PRD=4; PRI=18,MC=3; MORENA=45; PAN=17; PRD=4; PRI=18
DIP_MR_2021,duplicado,Massive Caller,partido,DIP_MR_2021_en_t02_r012,DIP_MR_2021_t00_r012,2021-04-15,2021-04-15,0.0,0.0,MC=4.8; MORENA=42.1; PAN=24.1; PRD=3.4; PRI=17.8,MC=4.8; MORENA=42.1; PAN=24.1; PRD=3.4; PRI=17.8
DIP_MR_2021,duplicado,El Financiero,partido,DIP_MR_2021_en_t02_r014,DIP_MR_2021_t00_r014,2021-05-02,2021-05-02,0.0,0.0,MC=5; MORENA=40; PAN=19; PRD=3; PRI=20,MC=5; MORENA=40; PAN=19; PRD=3; PRI=20
DIP_MR_2021,duplicado,Varela y Asociados,partido,DIP_MR_2021_en_t02_r017,DIP_MR_2021_t00_r017,2021-05-05,2021-05-05,0.0,0.0,MC=5; MORENA=46; PAN=17; PRD=5; PRI=15,MC=5; MORENA=46; PAN=17; PRD=5; PRI=15
DIP_MR_2021,duplicado,El País,partido,DIP_MR_2021_en_t02_r015,DIP_MR_2021_t00_r015,2021-05-14,2021-05-14,0.0,0.0,MC=5; MORENA=44; PAN=18; PRD=3; PRI=19,MC=5; MORENA=44; PAN=18; PRD=3; PRI=19
DIP_MR_2021,duplicado,GEA-ISA,partido,DIP_MR_2021_en_t02_r016,DIP_MR_2021_t00_r016,2021-05-17,2021-05-17,0.0,0.0,MC=5.8; MORENA=29.7; PAN=15.6; PRD=4.6; PRI=13,MC=5.8; MORENA=29.7; PAN=15.6; PRD=4.6; PRI=13
DIP_MR_2021,duplicado,El Universal,partido,DIP_MR_2021_en_t02_r018,DIP_MR_2021_t00_r018,2021-05-25,2021-05-25,0.0,0.0,MC=7.9; MORENA=41; PAN=15.9; PRD=3; PRI=15.3,MC=7.9; MORENA=41; PAN=15.9; PRD=3; PRI=15.3
DIP_MR_2021,duplicado,Parametría,partido,DIP_MR_2021_en_t02_r019,DIP_MR_2021_t00_r019,2021-05-28,2021-05-28,0.0,0.0,MC=7; MORENA=40; PAN=15; PRD=3; PRI=16,MC=7; MORENA=40; PAN=15; PRD=3; PRI=16
DIP_MR_2021,duplicado,El Financiero,partido,DIP_MR_2021_en_t02_r020,DIP_MR_2021_t00_r020,2021-05-30,2021-05-30,0.0,0.0,MC=5; MORENA=39; PAN=21; PRD=3; PRI=20,MC=5; MORENA=39; PAN=21; PRD=3; PRI=20
DIP_MR_2021,duplicado,Reforma,partido,DIP_MR_2021_en_t02_r021,DIP_MR_2021_t00_r021,2021-05-30,2021-05-30,0.0,0.0,MC=7; MORENA=43; PAN=18; PRD=2; PRI=20,MC=7; MORENA=43; PAN=18; PRD=2; PRI=20
DIP_MR_2027,conflicto,Buendía y Márquez,partido,DIP_MR_2027_en_buendiaymarquez_20260826,DIP_MR_2027_buendiaymarquez_20260826,2026-08-26,2026-08-26,3.0,3.94,MC=9; MORENA=35; PAN=11; PRI=9; PT=2; PVEM=5,MC=9; MORENA=35; PAN=11; PRI=9; PT=5; PVEM=5
DIP_MR_2027,duplicado,Buendía y Márquez,partido,DIP_MR_2027_en_buendiaymarquez_20250218,DIP_MR_2027_buendiaymarquez_20250218,2025-02-18,2025-02-18,0.0,0.0,MC=10; MORENA=46; PAN=7; PRI=8; PT=3; PVEM=5,MC=10; MORENA=46; PAN=7; PRI=8; PT=3; PVEM=5
DIP_MR_2027,duplicado,Becerra Mizuno y Asociados,partido,DIP_MR_2027_en_becerramizunoyasociados_20250401,DIP_MR_2027_becerramizunoyasociados_20250401,2025-04-01,2025-04-01,0.0,0.0,MC=12; MORENA=55; PAN=11; PRI=10; PT=4; PVEM=8,MC=12; MORENA=55; PAN=11; PRI=10; PT=4; PVEM=8
DIP_MR_2027,duplicado,Buendía y Márquez,partido,DIP_MR_2027_en_buendiaymarquez_20250520,DIP_MR_2027_buendiaymarquez_20250520,2025-05-20,2025-05-20,0.0,0.0,MC=9; MORENA=43; PAN=10; PRI=9; PT=3; PVEM=5,MC=9; MORENA=43; PAN=10; PRI=9; PT=3; PVEM=5
DIP_MR_2027,duplicado,El Financiero,partido,DIP_MR_2027_en_elfinanciero_20250623,DIP_MR_2027_elfinanciero_20250609,2025-06-23,2025-06-09,0.0,0.0,MC=5; MORENA=51; PAN=9; PRI=8; PT=2; PVEM=2,MC=5; MORENA=51; PAN=9; PRI=8; PT=2; PVEM=2
DIP_MR_2027,duplicado,Buendía y Márquez,partido,DIP_MR_2027_en_buendiaymarquez_20250819,DIP_MR_2027_buendiaymarquez_20250819,2025-08-19,2025-08-19,0.0,0.0,MC=8; MORENA=45; PAN=11; PRI=8; PT=3; PVEM=4,MC=8; MORENA=45; PAN=11; PRI=8; PT=3; PVEM=4
DIP_MR_2027,duplicado,Varela y Asociados,partido,DIP_MR_2027_en_varelayasociados_20250912,DIP_MR_2027_varelayasociados_20250912,2025-09-12,2025-09-12,0.0,0.0,MC=11; MORENA=40; PAN=15; PRI=6; PT=2; PVEM=1,MC=11; MORENA=40; PAN=15; PRI=6; PT=2; PVEM=1
DIP_MR_2027,duplicado,Enkoll,partido,DIP_MR_2027_en_enkoll_20250926,DIP_MR_2027_enkoll_20250926,2025-09-26,2025-09-26,0.0,0.0,MC=9; MORENA=48; PAN=11; PRI=5; PT=3; PVEM=3,MC=9; MORENA=48; PAN=11; PRI=5; PT=3; PVEM=3
DIP_MR_2027,duplicado,Statistical Research Corporation,partido,DIP_MR_2027_en_statisticalresearchcorporation_20251019,DIP_MR_2027_statisticalresearchcorporation_20251019,2025-10-19,2025-10-19,0.0,0.0,MC=8.2; MORENA=45.8; PAN=12.2; PRI=7.8; PT=2.3; PVEM=3.1,MC=8.2; MORENA=45.8; PAN=12.2; PRI=7.8; PT=2.3; PVEM=3.1
DIP_MR_2027,duplicado,Statistical Research Corporation,partido,DIP_MR_2027_en_statisticalresearchcorporation_20251124,DIP_MR_2027_statisticalresearchcorporation_20251124,2025-11-24,2025-11-24,0.0,0.0,MC=11.5; MORENA=46; PAN=15.9; PRI=6.8; PT=3; PVEM=2.1,MC=11.5; MORENA=46; PAN=15.9; PRI=6.8; PT=3; PVEM=2.1
DIP_MR_2027,duplicado,GobernArte,partido,DIP_MR_2027_en_gobernarte_20260118,DIP_MR_2027_gobernarte_20260118,2026-01-18,2026-01-18,0.0,0.0,MC=8.7; MORENA=49.3; PAN=11.3; PRI=9.8; PT=3; PVEM=1,MC=8.7; MORENA=49.3; PAN=11.3; PRI=9.8; PT=3; PVEM=1
DIP_MR_2027,duplicado,Buendía y Márquez,partido,DIP_MR_2027_en_buendiaymarquez_20260217,DIP_MR_2027_buendiaymarquez_20260217,2026-02-17,2026-02-17,0.0,0.0,MC=12; MORENA=34; PAN=14; PRI=8; PT=3; PVEM=7,MC=12; MORENA=34; PAN=14; PRI=8; PT=3; PVEM=7
DIP_MR_2027,duplicado,Enkoll,partido,DIP_MR_2027_en_enkoll_20260228,DIP_MR_2027_enkoll_20260228,2026-02-28,2026-02-28,0.0,0.0,MC=9; MORENA=42; PAN=14; PRI=7; PT=2; PVEM=3,MC=9; MORENA=42; PAN=14; PRI=7; PT=2; PVEM=3
DIP_MR_2027,duplicado,Statistical Research Corporation,partido,DIP_MR_2027_en_statisticalresearchcorporation_20260228,DIP_MR_2027_statisticalresearchcorporation_20260228,2026-02-28,2026-02-28,0.0,0.0,MC=13.7; MORENA=40.9; PAN=17.9; PRI=7; PT=1.7; PVEM=3.8,MC=13.7; MORENA=40.9; PAN=17.9; PRI=7; PT=1.7; PVEM=3.8
DIP_MR_2027,duplicado,Varela y Asociados,partido,DIP_MR_2027_en_varelayasociados_20260328,DIP_MR_2027_varelayasociados_20260328,2026-03-28,2026-03-28,0.0,0.0,MC=7; MORENA=29; PAN=11; PRI=9; PT=2; PVEM=3,MC=7; MORENA=29; PAN=11; PRI=9; PT=2; PVEM=3
DIP_MR_2027,duplicado,Statistical Research Corporation,partido,DIP_MR_2027_en_statisticalresearchcorporation_20260409,DIP_MR_2027_statisticalresearchcorporation_20260409,2026-04-09,2026-04-09,0.0,0.0,MC=11.7; MORENA=49.1; PAN=13.8; PRI=10.5; PT=1.3; PVEM=1.4,MC=11.7; MORENA=49.1; PAN=13.8; PRI=10.5; PT=1.3; PVEM=1.4
DIP_MR_2027,duplicado,Becerra Mizuno y Asociados,partido,DIP_MR_2027_en_becerramizunoyasociados_20260512,DIP_MR_2027_becerramizunoyasociados_20260512,2026-05-12,2026-05-12,0.0,0.0,MC=15; MORENA=41; PAN=18; PRI=13; PT=4; PVEM=9,MC=15; MORENA=41; PAN=18; PRI=13; PT=4; PVEM=9
DIP_MR_2027,duplicado,Enkoll,partido,DIP_MR_2027_en_enkoll_20260519,DIP_MR_2027_enkoll_20260519,2026-05-19,2026-05-19,0.0,0.0,MC=12; MORENA=39; PAN=12; PRI=8; PT=1; PVEM=5,MC=12; MORENA=39; PAN=12; PRI=8; PT=1; PVEM=5
DIP_MR_2027,duplicado,Buendía y Márquez,partido,DIP_MR_2027_en_buendiaymarquez_20260521,DIP_MR_2027_buendiaymarquez_20260521,2026-05-21,2026-05-21,0.0,0.0,MC=9; MORENA=39; PAN=11; PRI=10; PT=3; PVEM=6,MC=9; MORENA=39; PAN=11; PRI=10; PT=3; PVEM=6
DIP_MR_2027,duplicado,Demotecnia,partido,DIP_MR_2027_en_demotecnia_20260608,DIP_MR_2027_demotecnia_20260608,2026-06-08,2026-06-08,0.0,0.0,MC=7; MORENA=44; PAN=9; PRI=9; PT=2; PVEM=5,MC=7; MORENA=44; PAN=9; PRI=9; PT=2; PVEM=5
PRE_1994,conflicto,CNA/EPI,partido,PRE_1994_en_t03_r010,PRE_1994_t01_r011,1994-06-19,1994-06-19,8.0,4.94,PAN=29; PRD=8; PRI=52,PAN=24; PRD=11; PRI=44
PRE_1994,conflicto,GEO/ETC,partido,PRE_1994_en_t03_r011,PRE_1994_t01_r010,1994-06-19,1994-06-19,8.0,4.94,PAN=24; PRD=11; PRI=44,PAN=29; PRD=8; PRI=52
PRE_1994,duplicado,GEO/ETC,partido,PRE_1994_en_t03_r001,PRE_1994_t01_r001,1994-01-24,1994-01-24,0.0,0.0,PAN=8; PRD=13; PRI=49,PAN=8; PRD=13; PRI=49
PRE_1994,duplicado,GEO/ETC,partido,PRE_1994_en_t03_r002,PRE_1994_t01_r002,1994-03-20,1994-03-20,0.0,0.0,PAN=10; PRD=12; PRI=49,PAN=10; PRD=12; PRI=49
PRE_1994,duplicado,GEO/ETC,partido,PRE_1994_en_t03_r004,PRE_1994_t01_r004,1994-04-10,1994-04-10,0.0,0.0,PAN=10; PRD=12; PRI=46,PAN=10; PRD=12; PRI=46
PRE_1994,duplicado,V. Voto,partido,PRE_1994_en_t03_r006,PRE_1994_t01_r006,1994-05-17,1994-05-17,0.0,0.0,PAN=26; PRD=9; PRI=48,PAN=26; PRD=9; PRI=48
PRE_1994,duplicado,GEO/ETC,partido,PRE_1994_en_t03_r007,PRE_1994_t01_r007,1994-05-22,1994-05-22,0.0,0.0,PAN=26; PRD=12; PRI=39,PAN=26; PRD=12; PRI=39
PRE_1994,duplicado,Reforma,partido,PRE_1994_en_t03_r008,PRE_1994_t01_r008,1994-06-06,1994-06-06,0.0,0.0,PAN=29; PRD=9; PRI=41,PAN=29; PRD=9; PRI=41
PRE_1994,duplicado,V. Voto,partido,PRE_1994_en_t03_r009,PRE_1994_t01_r009,1994-06-18,1994-06-18,0.0,0.0,PAN=21; PRD=8; PRI=41,PAN=21; PRD=8; PRI=41
PRE_1994,duplicado,CNIRT,partido,PRE_1994_en_t03_r012,PRE_1994_t01_r012,1994-07-07,1994-07-07,0.0,0.0,PAN=22; PRD=10; PRI=43,PAN=22; PRD=10; PRI=43
PRE_1994,duplicado,GEO/ETC,partido,PRE_1994_en_t03_r013,PRE_1994_t01_r013,1994-07-19,1994-07-19,0.0,0.0,PAN=17; PRD=11; PRI=47,PAN=17; PRD=11; PRI=47
PRE_1994,duplicado,V. Voto,partido,PRE_1994_en_t03_r014,PRE_1994_t01_r014,1994-07-28,1994-07-28,0.0,0.0,PAN=17; PRD=8; PRI=47,PAN=17; PRD=8; PRI=47
PRE_1994,duplicado,Reforma,partido,PRE_1994_en_t03_r015,PRE_1994_t01_r015,1994-07-29,1994-07-29,0.0,0.0,PAN=17; PRD=9; PRI=47,PAN=17; PRD=9; PRI=47
PRE_1994,duplicado,El País,partido,PRE_1994_en_t03_r016,PRE_1994_t01_r016,1994-08-01,1994-08-01,0.0,0.0,PAN=21; PRD=11; PRI=40,PAN=21; PRD=11; PRI=40
PRE_1994,duplicado,Belden,partido,PRE_1994_en_t03_r017,PRE_1994_t01_r017,1994-08-03,1994-08-03,0.0,0.0,PAN=19; PRD=9; PRI=46,PAN=19; PRD=9; PRI=46
PRE_1994,duplicado,CNIRT,partido,PRE_1994_en_t03_r018,PRE_1994_t01_r018,1994-08-07,1994-08-07,0.0,0.0,PAN=19; PRD=11; PRI=44,PAN=19; PRD=11; PRI=44
PRE_1994,duplicado,GEO/ETC,partido,PRE_1994_en_t03_r019,PRE_1994_t01_r019,1994-08-07,1994-08-07,0.0,0.0,PAN=24; PRD=11; PRI=42,PAN=24; PRD=11; PRI=42
PRE_2000,duplicado,Mund,candidato,PRE_2000_en_t03_r001,PRE_2000_t01_r001,1999-11-30,1999-11-30,0.0,0.0,A. CAM.=39; A. MEX.=18; PRI=43,A. CAM.=39; A. MEX.=18; PRI=43
PRE_2000,duplicado,Indemerc,candidato,PRE_2000_en_t03_r002,PRE_2000_t01_r002,1999-11-30,1999-11-30,0.0,0.0,A. CAM.=44; A. MEX.=16; PRI=39,A. CAM.=44; A. MEX.=16; PRI=39
PRE_2000,duplicado,GEA-ISA,candidato,PRE_2000_en_t03_r003,PRE_2000_t01_r003,1999-11-30,1999-11-30,0.0,0.0,A. CAM.=38; A. MEX.=16.5; PRI=41.8,A. CAM.=38; A. MEX.=16.5; PRI=41.8
PRE_2000,duplicado,Reforma,candidato,PRE_2000_en_t03_r004,PRE_2000_t01_r004,1999-11-30,1999-11-30,0.0,0.0,A. CAM.=33.3; A. MEX.=9.9; PRI=53.1,A. CAM.=33.3; A. MEX.=9.9; PRI=53.1
PRE_2000,duplicado,El Universal,candidato,PRE_2000_en_t03_r005,PRE_2000_t01_r005,1999-11-30,1999-11-30,0.0,0.0,A. CAM.=33.8; A. MEX.=11.7; PRI=46.2,A. CAM.=33.8; A. MEX.=11.7; PRI=46.2
PRE_2000,duplicado,CEO (UdeG),candidato,PRE_2000_en_t03_r006,PRE_2000_t01_r006,1999-11-30,1999-11-30,0.0,0.0,A. CAM.=37; A. MEX.=11; PRI=47,A. CAM.=37; A. MEX.=11; PRI=47
PRE_2000,duplicado,Pearson,candidato,PRE_2000_en_t03_r007,PRE_2000_t01_r007,1999-12-31,1999-12-31,0.0,0.0,A. CAM.=34; A. MEX.=13; PRI=47,A. CAM.=34; A. MEX.=13; PRI=47
PRE_2000,duplicado,El Universal,candidato,PRE_2000_en_t03_r008,PRE_2000_t01_r008,1999-12-31,1999-12-31,0.0,0.0,A. CAM.=39.2; A. MEX.=12.5; PRI=47.1,A. CAM.=39.2; A. MEX.=12.5; PRI=47.1
PRE_2000,duplicado,Milenio,candidato,PRE_2000_en_t03_r009,PRE_2000_t01_r009,1999-12-31,1999-12-31,0.0,0.0,A. CAM.=37.8; A. MEX.=17.8; PRI=42.2,A. CAM.=37.8; A. MEX.=17.8; PRI=42.2
PRE_2000,duplicado,CEPROSEPP,candidato,PRE_2000_en_t03_r010,PRE_2000_t01_r010,2000-01-31,2000-01-31,0.0,0.0,A. CAM.=32; A. MEX.=11; PRI=51,A. CAM.=32; A. MEX.=11; PRI=51
PRE_2000,duplicado,Reforma,candidato,PRE_2000_en_t03_r011,PRE_2000_t01_r011,2000-01-31,2000-01-31,0.0,0.0,A. CAM.=38.6; A. MEX.=12; PRI=48.2,A. CAM.=38.6; A. MEX.=12; PRI=48.2
PRE_2000,duplicado,GAUSSC,candidato,PRE_2000_en_t03_r012,PRE_2000_t01_r012,2000-01-31,2000-01-31,0.0,0.0,A. CAM.=39; A. MEX.=14; PRI=45,A. CAM.=39; A. MEX.=14; PRI=45
PRE_2000,duplicado,Pearson,candidato,PRE_2000_en_t03_r013,PRE_2000_t01_r013,2000-01-31,2000-01-31,0.0,0.0,A. CAM.=36.7; A. MEX.=11.9; PRI=49.7,A. CAM.=36.7; A. MEX.=11.9; PRI=49.7
PRE_2000,duplicado,GAUSSC,candidato,PRE_2000_en_t03_r014,PRE_2000_t01_r014,2000-01-31,2000-01-31,0.0,0.0,A. CAM.=42.4; A. MEX.=13; PRI=43.5,A. CAM.=42.4; A. MEX.=13; PRI=43.5
PRE_2000,duplicado,Milenio,candidato,PRE_2000_en_t03_r015,PRE_2000_t01_r015,2000-02-29,2000-02-29,0.0,0.0,A. CAM.=41.1; A. MEX.=14.5; PRI=42.2,A. CAM.=41.1; A. MEX.=14.5; PRI=42.2
PRE_2000,duplicado,CEPROSEPP,candidato,PRE_2000_en_t03_r016,PRE_2000_t01_r016,2000-02-29,2000-02-29,0.0,0.0,A. CAM.=32.4; A. MEX.=16.1; PRI=45.5,A. CAM.=32.4; A. MEX.=16.1; PRI=45.5
PRE_2000,duplicado,GEA-ISA,candidato,PRE_2000_en_t03_r017,PRE_2000_t01_r017,2000-02-29,2000-02-29,0.0,0.0,A. CAM.=44; A. MEX.=18; PRI=36,A. CAM.=44; A. MEX.=18; PRI=36
PRE_2000,duplicado,Technomgmt,candidato,PRE_2000_en_t03_r018,PRE_2000_t01_r018,2000-02-29,2000-02-29,0.0,0.0,A. CAM.=34.5; A. MEX.=17.2; PRI=45.3,A. CAM.=34.5; A. MEX.=17.2; PRI=45.3
PRE_2000,duplicado,El Universal,candidato,PRE_2000_en_t03_r019,PRE_2000_t01_r019,2000-02-29,2000-02-29,0.0,0.0,A. CAM.=38.8; A. MEX.=15.7; PRI=41.8,A. CAM.=38.8; A. MEX.=15.7; PRI=41.8
PRE_2000,duplicado,Reforma,candidato,PRE_2000_en_t03_r020,PRE_2000_t01_r020,2000-02-29,2000-02-29,0.0,0.0,A. CAM.=38.6; A. MEX.=13.2; PRI=47,A. CAM.=38.6; A. MEX.=13.2; PRI=47
PRE_2000,duplicado,Reforma,candidato,PRE_2000_en_t03_r021,PRE_2000_t01_r021,2000-02-29,2000-02-29,0.0,0.0,A. CAM.=37.8; A. MEX.=11; PRI=50,A. CAM.=37.8; A. MEX.=11; PRI=50
PRE_2000,duplicado,Mund,candidato,PRE_2000_en_t03_r022,PRE_2000_t01_r022,2000-02-29,2000-02-29,0.0,0.0,A. CAM.=35.7; A. MEX.=22.6; PRI=40.5,A. CAM.=35.7; A. MEX.=22.6; PRI=40.5
PRE_2000,duplicado,CEPROSEPP,candidato,PRE_2000_en_t03_r023,PRE_2000_t01_r023,2000-03-31,2000-03-31,0.0,0.0,A. CAM.=31.8; A. MEX.=17; PRI=46.1,A. CAM.=31.8; A. MEX.=17; PRI=46.1
PRE_2000,duplicado,Pearson,candidato,PRE_2000_en_t03_r024,PRE_2000_t01_r024,2000-03-31,2000-03-31,0.0,0.0,A. CAM.=33.4; A. MEX.=13.6; PRI=51.6,A. CAM.=33.4; A. MEX.=13.6; PRI=51.6
PRE_2000,duplicado,Milenio,candidato,PRE_2000_en_t03_r025,PRE_2000_t01_r025,2000-03-31,2000-03-31,0.0,0.0,A. CAM.=39.3; A. MEX.=16.9; PRI=41.6,A. CAM.=39.3; A. MEX.=16.9; PRI=41.6
PRE_2000,duplicado,El Universal,candidato,PRE_2000_en_t03_r026,PRE_2000_t01_r026,2000-03-31,2000-03-31,0.0,0.0,A. CAM.=39.7; A. MEX.=12.7; PRI=45,A. CAM.=39.7; A. MEX.=12.7; PRI=45
PRE_2000,duplicado,Reforma,candidato,PRE_2000_en_t03_r027,PRE_2000_t01_r027,2000-03-31,2000-03-31,0.0,0.0,A. CAM.=38.6; A. MEX.=13.3; PRI=47,A. CAM.=38.6; A. MEX.=13.3; PRI=47
PRE_2000,duplicado,GEA-ISA,candidato,PRE_2000_en_t03_r028,PRE_2000_t01_r028,2000-03-31,2000-03-31,0.0,0.0,A. CAM.=43.3; A. MEX.=16.5; PRI=38.8,A. CAM.=43.3; A. MEX.=16.5; PRI=38.8
PRE_2000,duplicado,Technomgmt,candidato,PRE_2000_en_t03_r029,PRE_2000_t01_r029,2000-03-31,2000-03-31,0.0,0.0,A. CAM.=32.3; A. MEX.=17; PRI=47.9,A. CAM.=32.3; A. MEX.=17; PRI=47.9
PRE_2000,duplicado,CEPROSEPP,candidato,PRE_2000_en_t03_r030,PRE_2000_t01_r030,2000-04-30,2000-04-30,0.0,0.0,A. CAM.=31.2; A. MEX.=17.6; PRI=45.7,A. CAM.=31.2; A. MEX.=17.6; PRI=45.7
PRE_2000,duplicado,GAUSSC,candidato,PRE_2000_en_t03_r031,PRE_2000_t01_r031,2000-04-30,2000-04-30,0.0,0.0,A. CAM.=41.4; A. MEX.=12.3; PRI=46,A. CAM.=41.4; A. MEX.=12.3; PRI=46
PRE_2000,duplicado,Technomgmt,candidato,PRE_2000_en_t03_r032,PRE_2000_t01_r032,2000-04-30,2000-04-30,0.0,0.0,A. CAM.=32.7; A. MEX.=17.7; PRI=47.4,A. CAM.=32.7; A. MEX.=17.7; PRI=47.4
PRE_2000,duplicado,Reforma,candidato,PRE_2000_en_t03_r033,PRE_2000_t01_r033,2000-04-30,2000-04-30,0.0,0.0,A. CAM.=42; A. MEX.=12; PRI=45,A. CAM.=42; A. MEX.=12; PRI=45
PRE_2000,duplicado,Quantum,candidato,PRE_2000_en_t03_r034,PRE_2000_t01_r034,2000-04-30,2000-04-30,0.0,0.0,A. CAM.=36.9; A. MEX.=10; PRI=50.4,A. CAM.=36.9; A. MEX.=10; PRI=50.4
PRE_2000,duplicado,El Universal,candidato,PRE_2000_en_t03_r035,PRE_2000_t01_r035,2000-04-30,2000-04-30,0.0,0.0,A. CAM.=39.2; A. MEX.=14; PRI=42.2,A. CAM.=39.2; A. MEX.=14; PRI=42.2
PRE_2000,duplicado,Zogby,candidato,PRE_2000_en_t03_r036,PRE_2000_t01_r036,2000-04-30,2000-04-30,0.0,0.0,A. CAM.=46.3; A. MEX.=9.3; PRI=41.6,A. CAM.=46.3; A. MEX.=9.3; PRI=41.6
PRE_2000,duplicado,Pearson,candidato,PRE_2000_en_t03_r037,PRE_2000_t01_r037,2000-05-31,2000-05-31,0.0,0.0,A. CAM.=39; A. MEX.=12; PRI=45,A. CAM.=39; A. MEX.=12; PRI=45
PRE_2000,duplicado,Technomgmt,candidato,PRE_2000_en_t03_r038,PRE_2000_t01_r038,2000-05-31,2000-05-31,0.0,0.0,A. CAM.=39.1; A. MEX.=12.5; PRI=45.5,A. CAM.=39.1; A. MEX.=12.5; PRI=45.5
PRE_2000,duplicado,Reforma,candidato,PRE_2000_en_t03_r039,PRE_2000_t01_r039,2000-05-31,2000-05-31,0.0,0.0,A. CAM.=40; A. MEX.=16; PRI=42,A. CAM.=40; A. MEX.=16; PRI=42
PRE_2000,duplicado,GEA-ISA,candidato,PRE_2000_en_t03_r040,PRE_2000_t01_r040,2000-05-31,2000-05-31,0.0,0.0,A. CAM.=43.6; A. MEX.=16.4; PRI=38.6,A. CAM.=43.6; A. MEX.=16.4; PRI=38.6
PRE_2000,duplicado,El Universal,candidato,PRE_2000_en_t03_r041,PRE_2000_t01_r041,2000-05-31,2000-05-31,0.0,0.0,A. CAM.=42.2; A. MEX.=16.2; PRI=35.9,A. CAM.=42.2; A. MEX.=16.2; PRI=35.9
PRE_2000,duplicado,Milenio,candidato,PRE_2000_en_t03_r042,PRE_2000_t01_r042,2000-05-31,2000-05-31,0.0,0.0,A. CAM.=36; A. MEX.=17; PRI=43,A. CAM.=36; A. MEX.=17; PRI=43
PRE_2000,duplicado,CEO (UdeG),candidato,PRE_2000_en_t03_r043,PRE_2000_t01_r043,2000-05-31,2000-05-31,0.0,0.0,A. CAM.=39; A. MEX.=15.1; PRI=42.7,A. CAM.=39; A. MEX.=15.1; PRI=42.7
PRE_2000,duplicado,Alduncin y Asociados,candidato,PRE_2000_en_t03_r044,PRE_2000_t01_r044,2000-06-30,2000-06-12,0.0,0.0,A. CAM.=41; A. MEX.=20; PRI=35,A. CAM.=41; A. MEX.=20; PRI=35
PRE_2000,duplicado,Alduncin y Asociados,candidato,PRE_2000_en_t03_r045,PRE_2000_t01_r044,2000-06-30,2000-06-12,0.0,0.0,A. CAM.=41; A. MEX.=20; PRI=35,A. CAM.=41; A. MEX.=20; PRI=35
PRE_2000,duplicado,CEO (UdeG),candidato,PRE_2000_en_t03_r046,PRE_2000_t01_r045,2000-06-30,2000-06-17,0.0,0.0,A. CAM.=39; A. MEX.=15; PRI=43,A. CAM.=39; A. MEX.=15; PRI=43
PRE_2000,duplicado,Arcop,candidato,PRE_2000_en_t03_r047,PRE_2000_t01_r046,2000-06-30,2000-06-18,0.0,0.0,A. CAM.=43; A. MEX.=17; PRI=38,A. CAM.=43; A. MEX.=17; PRI=38
PRE_2000,duplicado,Fishers,candidato,PRE_2000_en_t03_r048,PRE_2000_t01_r047,2000-06-30,2000-06-18,0.0,0.0,A. CAM.=36; A. MEX.=19; PRI=42,A. CAM.=36; A. MEX.=19; PRI=42
PRE_2000,duplicado,GEA-ISA,candidato,PRE_2000_en_t03_r049,PRE_2000_t01_r048,2000-06-30,2000-06-18,0.0,0.0,A. CAM.=39; A. MEX.=19; PRI=38,A. CAM.=39; A. MEX.=19; PRI=38
PRE_2000,duplicado,Mund,candidato,PRE_2000_en_t03_r050,PRE_2000_t01_r049,2000-06-30,2000-06-18,0.0,0.0,A. CAM.=36; A. MEX.=27; PRI=37,A. CAM.=36; A. MEX.=27; PRI=37
PRE_2000,duplicado,Reforma,candidato,PRE_2000_en_t03_r051,PRE_2000_t01_r050,2000-06-30,2000-06-18,0.0,0.0,A. CAM.=39; A. MEX.=16; PRI=42,A. CAM.=39; A. MEX.=16; PRI=42
PRE_2000,duplicado,Reuters,candidato,PRE_2000_en_t03_r052,PRE_2000_t01_r051,2000-06-30,2000-06-18,0.0,0.0,A. CAM.=41; A. MEX.=15; PRI=44,A. CAM.=41; A. MEX.=15; PRI=44
PRE_2000,duplicado,CM Político,candidato,PRE_2000_en_t03_r053,PRE_2000_t01_r052,2000-06-30,2000-06-19,0.0,0.0,A. CAM.=38; A. MEX.=18; PRI=41,A. CAM.=38; A. MEX.=18; PRI=41
PRE_2000,duplicado,D. Watch,candidato,PRE_2000_en_t03_r054,PRE_2000_t01_r053,2000-06-30,2000-06-19,0.0,0.0,A. CAM.=41; A. MEX.=20; PRI=36,A. CAM.=41; A. MEX.=20; PRI=36
PRE_2000,duplicado,Pearson,candidato,PRE_2000_en_t03_r055,PRE_2000_t01_r054,2000-06-30,2000-06-19,0.0,0.0,A. CAM.=39; A. MEX.=15; PRI=43,A. CAM.=39; A. MEX.=15; PRI=43
PRE_2000,duplicado,Nielsen,candidato,PRE_2000_en_t03_r056,PRE_2000_t01_r055,2000-06-30,2000-06-23,0.0,0.0,A. CAM.=36; A. MEX.=16; PRI=42,A. CAM.=36; A. MEX.=16; PRI=42
PRE_2006,conflicto,El Universal,candidato,PRE_2006_en_t04_r045,PRE_2006_t02_r039,2006-01-26,2006-01-31,18.0,21.77,APM=2; PAN=27; PBT=33,APM=20; PAN=27; PBT=33
PRE_2006,duplicado,El Universal,candidato,PRE_2006_en_t04_r054,PRE_2006_t02_r047,2005-11-05,2005-11-30,0.0,0.0,APM=18; PAN=22; PBT=34,APM=18; PAN=22; PBT=34
PRE_2006,duplicado,Reforma,candidato,PRE_2006_en_t04_r053,PRE_2006_t02_r049,2005-11-21,2005-11-30,0.0,0.0,APM=21; PAN=28; PBT=29,APM=21; ASDC=1; PAN=28; PBT=29
PRE_2006,duplicado,Consulta Mitofsky,candidato,PRE_2006_en_t04_r050,PRE_2006_t02_r042,2006-01-18,2006-01-31,0.3,0.26,APM=29.2; PAN=31; PBT=38.7,APM=29; PAN=31; PBT=39
PRE_2006,duplicado,Reforma,candidato,PRE_2006_en_t04_r048,PRE_2006_t02_r040,2006-01-19,2006-01-31,0.0,0.0,APM=22; PAN=26; PBT=34,APM=22; ASDC=2; NVA_A=1; PAN=26; PBT=34
PRE_2006,duplicado,Parametría,candidato,PRE_2006_en_t04_r046,PRE_2006_t02_r038,2006-01-20,2006-01-31,0.4,0.47,APM=26.2; PAN=27.4; PBT=35.7,APM=26; ASDC=1; PAN=27; PBT=36
PRE_2006,duplicado,El Universal,candidato,PRE_2006_en_t04_r043,PRE_2006_t02_r036,2006-02-20,2006-02-20,0.0,0.0,APM=22; PAN=27; PBT=30,APM=22; ASDC=1; NVA_A=1; PAN=27; PBT=30
PRE_2006,duplicado,GEA-ISA,candidato,PRE_2006_en_t04_r041,PRE_2006_t02_r033,2006-02-21,2006-02-22,0.0,0.0,APM=22; PAN=27; PBT=34,APM=22; PAN=27; PBT=34
PRE_2006,duplicado,Reforma,candidato,PRE_2006_en_t04_r042,PRE_2006_t02_r035,2006-02-21,2006-02-21,0.0,0.0,APM=29; PAN=31; PBT=38,APM=29; PAN=31; PBT=38
PRE_2006,duplicado,Consulta Mitofsky,candidato,PRE_2006_en_t04_r040,PRE_2006_t02_r034,2006-02-22,2006-02-22,0.0,0.0,APM=27.5; PAN=29.8; PBT=39.4,APM=27.5; PAN=29.8; PBT=39.4
PRE_2006,duplicado,El Universal,candidato,PRE_2006_en_t04_r039,PRE_2006_t02_r032,2006-03-13,2006-03-13,0.0,0.0,APM=24; PAN=32; PBT=42,APM=24; ASDC=1; NVA_A=1; PAN=32; PBT=42
PRE_2006,duplicado,Reforma,candidato,PRE_2006_en_t04_r038,PRE_2006_t02_r031,2006-03-16,2006-03-16,0.0,0.0,APM=25; PAN=31; PBT=41,APM=25; ASDC=1; NVA_A=1; PAN=31; PBT=41
PRE_2006,duplicado,GEA-ISA,candidato,PRE_2006_en_t04_r037,PRE_2006_t02_r029,2006-03-21,2006-03-31,0.0,0.0,APM=28; PAN=36; PBT=34,APM=28; PAN=36; PBT=34
PRE_2006,duplicado,Consulta Mitofsky,candidato,PRE_2006_en_t04_r035,PRE_2006_t02_r030,2006-03-27,2006-03-27,0.0,0.0,APM=28.8; PAN=30.6; PBT=37.5,APM=28.8; ASDC=1.3; NVA_A=1; PAN=30.6; PBT=37.5
PRE_2006,duplicado,El Universal,candidato,PRE_2006_en_t04_r032,PRE_2006_t02_r026,2006-04-17,2006-04-17,0.0,0.0,APM=25; PAN=34; PBT=38,APM=25; ASDC=2; NVA_A=1; PAN=34; PBT=38
PRE_2006,duplicado,Consulta Mitofsky,candidato,PRE_2006_en_t04_r028,PRE_2006_t02_r022,2006-05-03,2006-05-03,0.0,0.0,APM=27; PAN=35; PBT=34,APM=27; ASDC=3; NVA_A=1; PAN=35; PBT=34
PRE_2006,duplicado,Reforma,candidato,PRE_2006_en_t04_r029,PRE_2006_t02_r023,2006-05-03,2006-05-03,0.0,0.0,APM=22; PAN=40; PBT=33,APM=22; ASDC=3.7; NVA_A=0.7; PAN=40; PBT=33
PRE_2006,duplicado,GEA-ISA,candidato,PRE_2006_en_t04_r027,PRE_2006_t02_r021,2006-05-04,2006-05-04,0.0,0.0,APM=25; PAN=41; PBT=31,APM=25; PAN=41; PBT=31
PRE_2006,duplicado,Parametría,candidato,PRE_2006_en_t04_r026,PRE_2006_t02_r019,2006-05-08,2006-05-11,0.0,0.0,APM=26; PAN=36; PBT=34,APM=26; NVA_A=1; PAN=36; PBT=34
PRE_2006,duplicado,El Universal,candidato,PRE_2006_en_t04_r025,PRE_2006_t02_r018,2006-05-15,2006-05-15,0.0,0.0,APM=21; PAN=39; PBT=35,APM=21; ASDC=4; NVA_A=1; PAN=39; PBT=35
PRE_2006,duplicado,Zogby,candidato,PRE_2006_en_t04_r024,PRE_2006_t02_r017,2006-05-19,2006-05-19,4.0,0.42,APM=22; PAN=34; PBT=29,APM=25; PAN=38; PBT=33
PRE_2006,duplicado,Reforma,candidato,PRE_2006_en_t04_r023,PRE_2006_t02_r015,2006-05-24,2006-05-24,0.0,0.0,APM=22; PAN=39; PBT=35,APM=22; ASDC=2.3; NVA_A=1.2; PAN=39; PBT=35
PRE_2006,duplicado,GEA-ISA,candidato,PRE_2006_en_t04_r016,PRE_2006_t02_r011,2006-06-11,2006-06-18,1.0,1.03,APM=23; PAN=39; PBT=35,APM=23; PAN=38; PBT=36
PRE_2006,duplicado,Consulta Mitofsky,candidato,PRE_2006_en_t04_r014,PRE_2006_t02_r014,2006-06-13,2006-06-13,0.0,0.0,APM=28; PAN=32; PBT=35,APM=28; ASDC=4; NVA_A=1; PAN=32; PBT=35
PRE_2006,duplicado,Reforma,candidato,PRE_2006_en_t04_r012,PRE_2006_t02_r012,2006-06-14,2006-06-14,0.0,0.0,APM=23; PAN=35; PBT=37,APM=23; ASDC=3; NVA_A=1; PAN=35; PBT=37
PRE_2006,duplicado,Zogby,candidato,PRE_2006_en_t04_r011,PRE_2006_t02_r010,2006-06-19,2006-06-19,0.5,0.5,APM=27; PAN=35; PBT=31,APM=27.1; PAN=34.5; PBT=31.3
PRE_2006,duplicado,Parametría,candidato,PRE_2006_en_t04_r010,PRE_2006_t02_r009,2006-06-20,2006-06-20,0.0,0.0,APM=27; PAN=32.5; PBT=36.5,APM=27; ASDC=3; NVA_A=1; PAN=32.5; PBT=36.5
PRE_2006,duplicado,GEA-ISA,candidato,PRE_2006_en_t04_r005,PRE_2006_t02_r011,2006-06-22,2006-06-18,0.0,0.0,APM=23; PAN=38; PBT=36,APM=23; PAN=38; PBT=36
PRE_2006,duplicado,Consulta Mitofsky,candidato,PRE_2006_en_t04_r007,PRE_2006_t02_r007,2006-06-22,2006-06-22,0.0,0.0,APM=27; PAN=33; PBT=36,APM=27; ASDC=3; NVA_A=1; PAN=33; PBT=36
PRE_2006,duplicado,Reforma,candidato,PRE_2006_en_t04_r001,PRE_2006_t02_r005,2006-06-23,2006-06-23,0.0,0.0,APM=25; PAN=34; PBT=36,APM=25; PAN=34; PBT=36
PRE_2006,duplicado,El Universal,candidato,PRE_2006_en_t04_r002,PRE_2006_t02_r004,2006-06-23,2006-06-23,0.0,0.0,APM=26; PAN=34; PBT=36,APM=26; ASDC=3; NVA_A=1; PAN=34; PBT=36
PRE_2006,duplicado,BGC,candidato,PRE_2006_en_t04_r003,PRE_2006_t02_r006,2006-06-23,2006-06-23,0.0,0.0,APM=26; PAN=34; PBT=34,APM=26; ASDC=4; NVA_A=1; PAN=34; PBT=34
PRE_2006,solo_en,Univision,candidato,PRE_2006_en_t04_r052,,2005-12-05,,,,APM=30.4; PAN=28.8; PBT=34.8,
PRE_2006,solo_en,Milenio,candidato,PRE_2006_en_t04_r051,,2006-01-08,,,,APM=25; PAN=30; PBT=28,
PRE_2006,solo_en,La Jornada,candidato,PRE_2006_en_t04_r049,,2006-01-19,,,,APM=22; PAN=27; PBT=39,
PRE_2006,solo_en,TV Azteca,candidato,PRE_2006_en_t04_r047,,2006-01-20,,,,APM=28; PAN=31; PBT=38,
PRE_2006,solo_en,GEA-ISA,candidato,PRE_2006_en_t04_r044,,2006-01-23,,,,APM=29; PAN=35; PBT=35,
PRE_2006,solo_en,Ipsos-Bimsa,candidato,PRE_2006_en_t04_r036,,2006-03-27,,,,APM=21.4; PAN=25.5; PBT=31.2,
PRE_2006,solo_en,Milenio,candidato,PRE_2006_en_t04_r033,,2006-04-06,,,,APM=31; PAN=31; PBT=34,
PRE_2006,solo_en,Arcop,candidato,PRE_2006_en_t04_r034,,2006-04-06,,,,APM=29; PAN=36; PBT=33,
PRE_2006,solo_en,Parametría,candidato,PRE_2006_en_t04_r031,,2006-04-23,,,,APM=28; PAN=33; PBT=35,
PRE_2006,solo_en,Milenio,candidato,PRE_2006_en_t04_r030,,2006-05-02,,,,APM=28; PAN=36; PBT=33,
PRE_2006,solo_en,GEA-ISA,candidato,PRE_2006_en_t04_r022,,2006-05-28,,,,APM=27; PAN=40; PBT=31,
PRE_2006,solo_en,Milenio,candidato,PRE_2006_en_t04_r020,,2006-05-29,,,,APM=3; PAN=33; PBT=33,
PRE_2006,solo_en,Consulta Mitofsky,candidato,PRE_2006_en_t04_r021,,2006-05-29,,,,APM=28; PAN=34; PBT=34,
PRE_2006,solo_en,BGC,candidato,PRE_2006_en_t04_r019,,2006-06-05,,,,APM=26; PAN=35; PBT=35,
PRE_2006,solo_en,El Universal,candidato,PRE_2006_en_t04_r017,,2006-06-06,,,,APM=24; PAN=36; PBT=36,
PRE_2006,solo_en,Parametría,candidato,PRE_2006_en_t04_r018,,2006-06-06,,,,APM=27; PAN=34.4; PBT=35.5,
PRE_2006,solo_en,El Universal,candidato,PRE_2006_en_t04_r015,,2006-06-12,,,,APM=22; PAN=37; PBT=34,
PRE_2006,solo_en,Milenio,candidato,PRE_2006_en_t04_r013,,2006-06-13,,,,APM=29.6; PAN=31; PBT=34.2,
PRE_2006,solo_en,Indemerc,candidato,PRE_2006_en_t04_r008,,2006-06-21,,,,APM=28; PAN=32; PBT=33,
PRE_2006,solo_en,Marketing Político,candidato,PRE_2006_en_t04_r009,,2006-06-21,,,,APM=26; PAN=37; PBT=34,
PRE_2006,solo_en,Milenio,candidato,PRE_2006_en_t04_r004,,2006-06-22,,,,APM=29.6; PAN=30.5; PBT=35.4,
PRE_2006,solo_en,Alduncin y Asociados,candidato,PRE_2006_en_t04_r006,,2006-06-22,,,,APM=24; PAN=38; PBT=34,
PRE_2012,conflicto,Demotecnia,candidato,PRE_2012_en_t03_r026,PRE_2012_t01_r031,2012-05-31,2012-05-31,22.15,19.0,PAN=17.98; PANAL=17.98; PRD|PT|MC|C_PRD_PT_MC|C_PRD_PT|C_PRD_MC|C_PT_MC=31.46; PRI|PVEM|C_PRI_PVEM=16.85,PAN=26; PANAL=4; PRD|PT|MC|C_PRD_PT_MC|C_PRD_PT|C_PRD_MC|C_PT_MC=31; PRI|PVEM|C_PRI_PVEM=39
PRE_2012,conflicto,BGC,candidato,PRE_2012_en_t03_r033,PRE_2012_t01_r042,2012-06-30,2012-06-30,3.0,3.0,PAN=28; PANAL=2; PRD|PT|MC|C_PRD_PT_MC|C_PRD_PT|C_PRD_MC|C_PT_MC=28; PRI|PVEM|C_PRI_PVEM=42,PAN=25; PANAL=3; PRD|PT|MC|C_PRD_PT_MC|C_PRD_PT|C_PRD_MC|C_PT_MC=28; PRI|PVEM|C_PRI_PVEM=44
PRE_2012,duplicado,Reforma,candidato,PRE_2012_en_t03_r001,PRE_2012_t01_r003,2011-11-30,2011-11-30,0.0,0.0,PAN=25; PRD|PT|MC|C_PRD_PT_MC|C_PRD_PT|C_PRD_MC|C_PT_MC=26; PRI|PVEM|C_PRI_PVEM=49,PAN=25; PRD|PT|MC|C_PRD_PT_MC|C_PRD_PT|C_PRD_MC|C_PT_MC=26; PRI|PVEM|C_PRI_PVEM=49
PRE_2012,duplicado,Covarrubias y Asociados,candidato,PRE_2012_en_t03_r002,PRE_2012_t01_r004,2011-11-30,2011-11-30,0.0,0.0,PAN=12.6; PRD|PT|MC|C_PRD_PT_MC|C_PRD_PT|C_PRD_MC|C_PT_MC=31; PRI|PVEM|C_PRI_PVEM=56.3,PAN=12.6; PRD|PT|MC|C_PRD_PT_MC|C_PRD_PT|C_PRD_MC|C_PT_MC=31; PRI|PVEM|C_PRI_PVEM=56.3
PRE_2012,duplicado,Gii360,candidato,PRE_2012_en_t03_r003,PRE_2012_t01_r005,2012-02-29,2012-02-29,0.0,0.0,PAN=34.4; PRD|PT|MC|C_PRD_PT_MC|C_PRD_PT|C_PRD_MC|C_PT_MC=18.2; PRI|PVEM|C_PRI_PVEM=47.4,PAN=34.4; PRD|PT|MC|C_PRD_PT_MC|C_PRD_PT|C_PRD_MC|C_PT_MC=18.2; PRI|PVEM|C_PRI_PVEM=47.4
PRE_2012,duplicado,Consulta Mitofsky,candidato,PRE_2012_en_t03_r004,PRE_2012_t01_r006,2012-02-29,2012-02-29,0.0,0.0,PAN=29.5; PANAL=1; PRD|PT|MC|C_PRD_PT_MC|C_PRD_PT|C_PRD_MC|C_PT_MC=21; PRI|PVEM|C_PRI_PVEM=48.5,PAN=29.5; PANAL=1; PRD|PT|MC|C_PRD_PT_MC|C_PRD_PT|C_PRD_MC|C_PT_MC=21; PRI|PVEM|C_PRI_PVEM=48.5
PRE_2012,duplicado,Buendía y Laredo,candidato,PRE_2012_en_t03_r005,PRE_2012_t01_r007,2012-02-29,2012-02-29,0.0,0.0,PAN=32; PANAL=0; PRD|PT|MC|C_PRD_PT_MC|C_PRD_PT|C_PRD_MC|C_PT_MC=20; PRI|PVEM|C_PRI_PVEM=48,PAN=32; PANAL=0; PRD|PT|MC|C_PRD_PT_MC|C_PRD_PT|C_PRD_MC|C_PT_MC=20; PRI|PVEM|C_PRI_PVEM=48
PRE_2012,duplicado,Covarrubias y Asociados,candidato,PRE_2012_en_t03_r006,PRE_2012_t01_r008,2012-02-29,2012-02-29,0.0,0.0,PAN=27.2; PANAL=0.3; PRD|PT|MC|C_PRD_PT_MC|C_PRD_PT|C_PRD_MC|C_PT_MC=30.2; PRI|PVEM|C_PRI_PVEM=42.3,PAN=27.2; PANAL=0.3; PRD|PT|MC|C_PRD_PT_MC|C_PRD_PT|C_PRD_MC|C_PT_MC=30.2; PRI|PVEM|C_PRI_PVEM=42.3
PRE_2012,duplicado,Ipsos-Bimsa,candidato,PRE_2012_en_t03_r007,PRE_2012_t01_r009,2012-02-29,2012-02-29,0.0,0.0,PAN=30; PANAL=0; PRD|PT|MC|C_PRD_PT_MC|C_PRD_PT|C_PRD_MC|C_PT_MC=25; PRI|PVEM|C_PRI_PVEM=45,PAN=30; PANAL=0; PRD|PT|MC|C_PRD_PT_MC|C_PRD_PT|C_PRD_MC|C_PT_MC=25; PRI|PVEM|C_PRI_PVEM=45
PRE_2012,duplicado,Demotecnia,candidato,PRE_2012_en_t03_r008,PRE_2012_t01_r010,2012-03-31,2012-03-31,0.0,0.0,PAN=27.4; PANAL=1.2; PRD|PT|MC|C_PRD_PT_MC|C_PRD_PT|C_PRD_MC|C_PT_MC=27.4; PRI|PVEM|C_PRI_PVEM=44,PAN=27.4; PANAL=1.2; PRD|PT|MC|C_PRD_PT_MC|C_PRD_PT|C_PRD_MC|C_PT_MC=27.4; PRI|PVEM|C_PRI_PVEM=44
PRE_2012,duplicado,Gii360,candidato,PRE_2012_en_t03_r009,PRE_2012_t01_r011,2012-03-31,2012-03-31,0.0,0.0,PAN=32.6; PRD|PT|MC|C_PRD_PT_MC|C_PRD_PT|C_PRD_MC|C_PT_MC=22.5; PRI|PVEM|C_PRI_PVEM=44.9,PAN=32.6; PRD|PT|MC|C_PRD_PT_MC|C_PRD_PT|C_PRD_MC|C_PT_MC=22.5; PRI|PVEM|C_PRI_PVEM=44.9
PRE_2012,duplicado,Reforma,candidato,PRE_2012_en_t03_r010,PRE_2012_t01_r012,2012-03-31,2012-03-31,0.0,0.0,PAN=32; PANAL=1; PRD|PT|MC|C_PRD_PT_MC|C_PRD_PT|C_PRD_MC|C_PT_MC=22; PRI|PVEM|C_PRI_PVEM=45,PAN=32; PANAL=1; PRD|PT|MC|C_PRD_PT_MC|C_PRD_PT|C_PRD_MC|C_PT_MC=22; PRI|PVEM|C_PRI_PVEM=45
PRE_2012,duplicado,Demotecnia,candidato,PRE_2012_en_t03_r011,PRE_2012_t01_r013,2012-04-30,2012-04-30,0.0,0.0,PAN=30.6; PANAL=1.3; PRD|PT|MC|C_PRD_PT_MC|C_PRD_PT|C_PRD_MC|C_PT_MC=29.2; PRI|PVEM|C_PRI_PVEM=38.9,PAN=30.6; PANAL=1.3; PRD|PT|MC|C_PRD_PT_MC|C_PRD_PT|C_PRD_MC|C_PT_MC=29.2; PRI|PVEM|C_PRI_PVEM=38.9
PRE_2012,duplicado,Parametría,candidato,PRE_2012_en_t03_r012,PRE_2012_t01_r014,2012-04-30,2012-04-30,0.0,0.0,PAN=25; PANAL=1; PRD|PT|MC|C_PRD_PT_MC|C_PRD_PT|C_PRD_MC|C_PT_MC=23; PRI|PVEM|C_PRI_PVEM=51,PAN=25; PANAL=1; PRD|PT|MC|C_PRD_PT_MC|C_PRD_PT|C_PRD_MC|C_PT_MC=23; PRI|PVEM|C_PRI_PVEM=51
PRE_2012,duplicado,BGC,candidato,PRE_2012_en_t03_r013,PRE_2012_t01_r015,2012-04-30,2012-04-30,0.0,0.0,PAN=29; PANAL=1; PRD|PT|MC|C_PRD_PT_MC|C_PRD_PT|C_PRD_MC|C_PT_MC=20; PRI|PVEM|C_PRI_PVEM=50,PAN=29; PANAL=1; PRD|PT|MC|C_PRD_PT_MC|C_PRD_PT|C_PRD_MC|C_PT_MC=20; PRI|PVEM|C_PRI_PVEM=50
PRE_2012,duplicado,GEA-ISA,candidato,PRE_2012_en_t03_r014,PRE_2012_t01_r016,2012-04-30,2012-04-30,0.0,0.0,PAN=27.9; PANAL=0.9; PRD|PT|MC|C_PRD_PT_MC|C_PRD_PT|C_PRD_MC|C_PT_MC=22.7; PRI|PVEM|C_PRI_PVEM=48.5,PAN=27.9; PANAL=0.9; PRD|PT|MC|C_PRD_PT_MC|C_PRD_PT|C_PRD_MC|C_PT_MC=22.7; PRI|PVEM|C_PRI_PVEM=48.5
PRE_2012,duplicado,Buendía y Laredo,candidato,PRE_2012_en_t03_r015,PRE_2012_t01_r017,2012-04-30,2012-04-30,0.0,0.0,PAN=22.9; PANAL=1.4; PRD|PT|MC|C_PRD_PT_MC|C_PRD_PT|C_PRD_MC|C_PT_MC=21.4; PRI|PVEM|C_PRI_PVEM=54.3,PAN=22.9; PANAL=1.4; PRD|PT|MC|C_PRD_PT_MC|C_PRD_PT|C_PRD_MC|C_PT_MC=21.4; PRI|PVEM|C_PRI_PVEM=54.3
PRE_2012,duplicado,Consulta Mitofsky,candidato,PRE_2012_en_t03_r016,PRE_2012_t01_r018,2012-04-30,2012-04-30,0.0,0.0,PAN=26.9; PANAL=0.7; PRD|PT|MC|C_PRD_PT_MC|C_PRD_PT|C_PRD_MC|C_PT_MC=22.3; PRI|PVEM|C_PRI_PVEM=50.1,PAN=26.9; PANAL=0.7; PRD|PT|MC|C_PRD_PT_MC|C_PRD_PT|C_PRD_MC|C_PT_MC=22.3; PRI|PVEM|C_PRI_PVEM=50.1
PRE_2012,duplicado,Covarrubias y Asociados,candidato,PRE_2012_en_t03_r017,PRE_2012_t01_r019,2012-04-30,2012-04-30,0.0,0.0,PAN=22; PANAL=1; PRD|PT|MC|C_PRD_PT_MC|C_PRD_PT|C_PRD_MC|C_PT_MC=24; PRI|PVEM|C_PRI_PVEM=42,PAN=22; PANAL=1; PRD|PT|MC|C_PRD_PT_MC|C_PRD_PT|C_PRD_MC|C_PT_MC=24; PRI|PVEM|C_PRI_PVEM=42
PRE_2012,duplicado,BGC,candidato,PRE_2012_en_t03_r018,PRE_2012_t01_r020,2012-04-30,2012-04-30,0.0,0.0,PAN=28; PANAL=2; PRD|PT|MC|C_PRD_PT_MC|C_PRD_PT|C_PRD_MC|C_PT_MC=23; PRI|PVEM|C_PRI_PVEM=47,PAN=28; PANAL=2; PRD|PT|MC|C_PRD_PT_MC|C_PRD_PT|C_PRD_MC|C_PT_MC=23; PRI|PVEM|C_PRI_PVEM=47
PRE_2012,duplicado,Parametría,candidato,PRE_2012_en_t03_r019,PRE_2012_t01_r021,2012-04-30,2012-04-30,0.0,0.0,PAN=26; PANAL=1; PRD|PT|MC|C_PRD_PT_MC|C_PRD_PT|C_PRD_MC|C_PT_MC=24; PRI|PVEM|C_PRI_PVEM=49,PAN=26; PANAL=1; PRD|PT|MC|C_PRD_PT_MC|C_PRD_PT|C_PRD_MC|C_PT_MC=24; PRI|PVEM|C_PRI_PVEM=49
PRE_2012,duplicado,GEA-ISA,candidato,PRE_2012_en_t03_r020,PRE_2012_t01_r022,2012-05-31,2012-05-31,0.0,0.0,PAN=26.1; PANAL=1.6; PRD|PT|MC|C_PRD_PT_MC|C_PRD_PT|C_PRD_MC|C_PT_MC=21.1; PRI|PVEM|C_PRI_PVEM=51.2,PAN=26.1; PANAL=1.6; PRD|PT|MC|C_PRD_PT_MC|C_PRD_PT|C_PRD_MC|C_PT_MC=21.1; PRI|PVEM|C_PRI_PVEM=51.2
PRE_2012,duplicado,Consulta Mitofsky,candidato,PRE_2012_en_t03_r021,PRE_2012_t01_r023,2012-05-31,2012-05-31,0.0,0.0,PAN=28; PANAL=1; PRD|PT|MC|C_PRD_PT_MC|C_PRD_PT|C_PRD_MC|C_PT_MC=23; PRI|PVEM|C_PRI_PVEM=48,PAN=28; PANAL=1; PRD|PT|MC|C_PRD_PT_MC|C_PRD_PT|C_PRD_MC|C_PT_MC=23; PRI|PVEM|C_PRI_PVEM=48
PRE_2012,duplicado,Parametría,candidato,PRE_2012_en_t03_r022,PRE_2012_t01_r024,2012-05-31,2012-05-31,0.0,0.0,PAN=26; PANAL=1; PRD|PT|MC|C_PRD_PT_MC|C_PRD_PT|C_PRD_MC|C_PT_MC=24; PRI|PVEM|C_PRI_PVEM=49,PAN=26; PANAL=1; PRD|PT|MC|C_PRD_PT_MC|C_PRD_PT|C_PRD_MC|C_PT_MC=24; PRI|PVEM|C_PRI_PVEM=49
PRE_2012,duplicado,Buendía y Laredo,candidato,PRE_2012_en_t03_r023,PRE_2012_t01_r025,2012-05-31,2012-05-31,0.0,0.0,PAN=22.9; PANAL=1.4; PRD|PT|MC|C_PRD_PT_MC|C_PRD_PT|C_PRD_MC|C_PT_MC=21.4; PRI|PVEM|C_PRI_PVEM=54.3,PAN=22.9; PANAL=1.4; PRD|PT|MC|C_PRD_PT_MC|C_PRD_PT|C_PRD_MC|C_PT_MC=21.4; PRI|PVEM|C_PRI_PVEM=54.3
PRE_2012,duplicado,GEA-ISA,candidato,PRE_2012_en_t03_r024,PRE_2012_t01_r026,2012-05-31,2012-05-31,0.0,0.0,PAN=27.6; PANAL=1.4; PRD|PT|MC|C_PRD_PT_MC|C_PRD_PT|C_PRD_MC|C_PT_MC=21.9; PRI|PVEM|C_PRI_PVEM=49.1,PAN=27.6; PANAL=1.4; PRD|PT|MC|C_PRD_PT_MC|C_PRD_PT|C_PRD_MC|C_PT_MC=21.9; PRI|PVEM|C_PRI_PVEM=49.1
PRE_2012,duplicado,Buendía y Laredo,candidato,PRE_2012_en_t03_r027,PRE_2012_t01_r029,2012-05-31,2012-05-31,0.0,0.0,PAN=23.1; PANAL=2.1; PRD|PT|MC|C_PRD_PT_MC|C_PRD_PT|C_PRD_MC|C_PT_MC=24.8; PRI|PVEM|C_PRI_PVEM=49.6,PAN=23.1; PANAL=2.1; PRD|PT|MC|C_PRD_PT_MC|C_PRD_PT|C_PRD_MC|C_PT_MC=24.8; PRI|PVEM|C_PRI_PVEM=49.6
PRE_2012,duplicado,Covarrubias y Asociados,candidato,PRE_2012_en_t03_r028,PRE_2012_t01_r030,2012-05-31,2012-05-31,0.0,0.0,PAN=26; PANAL=4; PRD|PT|MC|C_PRD_PT_MC|C_PRD_PT|C_PRD_MC|C_PT_MC=30; PRI|PVEM|C_PRI_PVEM=40,PAN=26; PANAL=4; PRD|PT|MC|C_PRD_PT_MC|C_PRD_PT|C_PRD_MC|C_PT_MC=30; PRI|PVEM|C_PRI_PVEM=40
PRE_2012,duplicado,Demotecnia,candidato,PRE_2012_en_t03_r029,PRE_2012_t01_r031,2012-05-31,2012-05-31,0.0,0.0,PAN=26; PANAL=4; PRD|PT|MC|C_PRD_PT_MC|C_PRD_PT|C_PRD_MC|C_PT_MC=31; PRI|PVEM|C_PRI_PVEM=39,PAN=26; PANAL=4; PRD|PT|MC|C_PRD_PT_MC|C_PRD_PT|C_PRD_MC|C_PT_MC=31; PRI|PVEM|C_PRI_PVEM=39
PRE_2012,duplicado,Consulta Mitofsky,candidato,PRE_2012_en_t03_r031,PRE_2012_t01_r033,2012-06-30,2012-06-30,1.3,0.85,PAN=20.8; PANAL=1.6; PRD|PT|MC|C_PRD_PT_MC|C_PRD_PT|C_PRD_MC|C_PT_MC=24; PRI|PVEM|C_PRI_PVEM=35.8,PAN=21; PANAL=1.9; PRD|PT|MC|C_PRD_PT_MC|C_PRD_PT|C_PRD_MC|C_PT_MC=25.3; PRI|PVEM|C_PRI_PVEM=36
PRE_2012,solo_en,El Universal,candidato,PRE_2012_en_t03_r025,,2012-05-31,,,,PAN=22; PANAL=9.5; PRD|PT|MC|C_PRD_PT_MC|C_PRD_PT|C_PRD_MC|C_PT_MC=23.4; PRI|PVEM|C_PRI_PVEM=36.3,
PRE_2012,solo_en,Reforma,candidato,PRE_2012_en_t03_r030,,2012-06-30,,,,PAN=23; PANAL=5; PRD|PT|MC|C_PRD_PT_MC|C_PRD_PT|C_PRD_MC|C_PT_MC=34; PRI|PVEM|C_PRI_PVEM=38,
PRE_2012,solo_en,Berumen y Asociados,candidato,PRE_2012_en_t03_r032,,2012-06-30,,,,PAN=20.7; PRD|PT|MC|C_PRD_PT_MC|C_PRD_PT|C_PRD_MC|C_PT_MC=31.8; PRI|PVEM|C_PRI_PVEM=30.9,
PRE_2012,solo_en,Berumen y Asociados,candidato,PRE_2012_en_t03_r034,,2012-06-30,,,,PAN=18; PANAL=1.5; PRD|PT|MC|C_PRD_PT_MC|C_PRD_PT|C_PRD_MC|C_PT_MC=27.3; PRI|PVEM|C_PRI_PVEM=33.4,
PRE_2018,conflicto,Demotecnia,candidato,PRE_2018_en_t01_r043,PRE_2018_t01_r051,2018-06-13,2018-06-13,4.0,4.0,CAND_IND_01=5; CAND_IND_02=1; MORENA|PT|ENCUENTRO SOCIAL|PT_MORENA_PES|PT_MORENA|MORENA_PES|PT_PES=50; PAN|PRD|MOVIMIENTO CIUDADANO|PAN_PRD_MC|PAN_PRD|PAN_MC|PRD_MC=25; PRI|PVEM|NUEVA ALIANZA|PRI_PVEM_NA|PRI_PVEM|PRI_NA|PVEM_NA=19,CAND_IND_01=1; CAND_IND_02=5; MORENA|PT|ENCUENTRO SOCIAL|PT_MORENA_PES|PT_MORENA|MORENA_PES|PT_PES=50; PAN|PRD|MOVIMIENTO CIUDADANO|PAN_PRD_MC|PAN_PRD|PAN_MC|PRD_MC=25; PRI|PVEM|NUEVA ALIANZA|PRI_PVEM_NA|PRI_PVEM|PRI_NA|PVEM_NA=19
PRE_2018,duplicado,Parametría,partido,PRE_2018_en_t03_r001,PRE_2018_t04_r001,2015-08-31,2015-08-31,0.0,0.0,ENCUENTRO SOCIAL=3; MORENA=21; MOVIMIENTO CIUDADANO=5; NUEVA ALIANZA=2; PAN=23; PRD=9; PRI=29; PVEM=8,ENCUENTRO SOCIAL=3; MORENA=21; MOVIMIENTO CIUDADANO=5; NUEVA ALIANZA=2; PAN=23; PRD=9; PRI=29; PVEM=8
PRE_2018,duplicado,GEA-ISA,partido,PRE_2018_en_t03_r002,PRE_2018_t04_r002,2016-03-31,2016-03-31,0.0,0.0,MORENA=7; PAN=16; PRD=7; PRI=33,MORENA=7; PAN=16; PRD=7; PRI=33
PRE_2018,duplicado,Consulta Mitofsky,partido,PRE_2018_en_t03_r003,PRE_2018_t04_r003,2016-03-31,2016-03-31,0.0,0.0,CAND_IND_01|CAND_IND_02=4.3; ENCUENTRO SOCIAL=0.5; MORENA=11.7; MOVIMIENTO CIUDADANO=1.8; NUEVA ALIANZA=0.6; PAN=16.4; PRD=10.8; PRI=21.5; PT=0.6; PVEM=1.1,CAND_IND_01|CAND_IND_02=4.3; ENCUENTRO SOCIAL=0.5; MORENA=11.7; MOVIMIENTO CIUDADANO=1.8; NUEVA ALIANZA=0.6; PAN=16.4; PRD=10.8; PRI=21.5; PT=0.6; PVEM=1.1
PRE_2018,duplicado,GEA-ISA,partido,PRE_2018_en_t03_r005,PRE_2018_t04_r005,2016-06-30,2016-06-30,0.0,0.0,MORENA=11; PAN=19; PRD=5; PRI=28,MORENA=11; PAN=19; PRD=5; PRI=28
PRE_2018,duplicado,El Financiero,partido,PRE_2018_en_t03_r006,PRE_2018_t04_r006,2016-06-30,2016-06-30,0.0,0.0,CAND_IND_01|CAND_IND_02=6; ENCUENTRO SOCIAL=1; MORENA=19; MOVIMIENTO CIUDADANO=2; NUEVA ALIANZA=3; PAN=28; PRD=8; PRI=29; PT=1; PVEM=3,CAND_IND_01|CAND_IND_02=6; ENCUENTRO SOCIAL=1; MORENA=19; MOVIMIENTO CIUDADANO=2; NUEVA ALIANZA=3; PAN=28; PRD=8; PRI=29; PT=1; PVEM=3
PRE_2018,duplicado,Consulta Mitofsky,partido,PRE_2018_en_t03_r007,PRE_2018_t04_r007,2016-07-31,2016-07-31,0.0,0.0,CAND_IND_01|CAND_IND_02=2.8; ENCUENTRO SOCIAL=1.1; MORENA=12.2; MOVIMIENTO CIUDADANO=1.9; NUEVA ALIANZA=1; PAN=20; PRD=8.1; PRI=19.6; PT=1.1; PVEM=1.3,CAND_IND_01|CAND_IND_02=2.8; ENCUENTRO SOCIAL=1.1; MORENA=12.2; MOVIMIENTO CIUDADANO=1.9; NUEVA ALIANZA=1; PAN=20; PRD=8.1; PRI=19.6; PT=1.1; PVEM=1.3
PRE_2018,duplicado,Reforma,partido,PRE_2018_en_t03_r008,PRE_2018_t04_r008,2016-08-31,2016-08-31,0.0,0.0,CAND_IND_01|CAND_IND_02=11; MORENA=18; MOVIMIENTO CIUDADANO=3; PAN=27; PRD=6; PRI=22; PVEM=5,CAND_IND_01|CAND_IND_02=11; MORENA=18; MOVIMIENTO CIUDADANO=3; PAN=27; PRD=6; PRI=22; PVEM=5
PRE_2018,duplicado,GEA-ISA,partido,PRE_2018_en_t03_r009,PRE_2018_t04_r009,2016-09-30,2016-09-30,0.0,0.0,MORENA=9; PAN=23; PRD=8; PRI=22,MORENA=9; PAN=23; PRD=8; PRI=22
PRE_2018,duplicado,Parametría,partido,PRE_2018_en_t03_r010,PRE_2018_t04_r010,2016-09-30,2016-09-30,0.0,0.0,CAND_IND_01|CAND_IND_02=3; ENCUENTRO SOCIAL=2; MORENA=21; MOVIMIENTO CIUDADANO=1; NUEVA ALIANZA=2; PAN=30; PRD=10; PRI=27; PT=2; PVEM=5,CAND_IND_01|CAND_IND_02=3; ENCUENTRO SOCIAL=2; MORENA=21; MOVIMIENTO CIUDADANO=1; NUEVA ALIANZA=2; PAN=30; PRD=10; PRI=27; PT=2; PVEM=5
PRE_2018,duplicado,Consulta Mitofsky,partido,PRE_2018_en_t03_r011,PRE_2018_t04_r011,2016-09-30,2016-09-30,0.0,0.0,CAND_IND_01|CAND_IND_02=3.3; ENCUENTRO SOCIAL=1; MORENA=12.1; MOVIMIENTO CIUDADANO=1.6; NUEVA ALIANZA=0.9; PAN=20.2; PRD=7.8; PRI=19.5; PT=1.1; PVEM=1.3,CAND_IND_01|CAND_IND_02=3.3; ENCUENTRO SOCIAL=1; MORENA=12.1; MOVIMIENTO CIUDADANO=1.6; NUEVA ALIANZA=0.9; PAN=20.2; PRD=7.8; PRI=19.5; PT=1.1; PVEM=1.3
PRE_2018,duplicado,El Financiero,partido,PRE_2018_en_t03_r012,PRE_2018_t04_r012,2016-11-30,2016-11-30,0.0,0.0,CAND_IND_01|CAND_IND_02=5; MORENA=18; PAN=29; PRD=11; PRI=28,CAND_IND_01|CAND_IND_02=5; MORENA=18; PAN=29; PRD=11; PRI=28
PRE_2018,duplicado,Reforma,partido,PRE_2018_en_t03_r013,PRE_2018_t04_r013,2016-12-31,2016-12-31,0.0,0.0,CAND_IND_01|CAND_IND_02=11; MORENA=22; MOVIMIENTO CIUDADANO=5; PAN=27; PRD=5; PRI=22; PVEM=3,CAND_IND_01|CAND_IND_02=11; MORENA=22; MOVIMIENTO CIUDADANO=5; PAN=27; PRD=5; PRI=22; PVEM=3
PRE_2018,duplicado,Massive Caller,partido,PRE_2018_en_t03_r014,PRE_2018_t04_r014,2017-01-31,2017-01-31,0.0,0.0,CAND_IND_01|CAND_IND_02=8.5; MORENA=21.68; PAN=20.48; PRD=5.5; PRI=12.8; PVEM=1.6,CAND_IND_01|CAND_IND_02=8.5; MORENA=21.68; PAN=20.48; PRD=5.5; PRI=12.8; PVEM=1.6
PRE_2018,duplicado,Reforma,partido,PRE_2018_en_t03_r015,PRE_2018_t04_r015,2017-01-31,2017-01-31,0.0,0.0,CAND_IND_01|CAND_IND_02=10; MORENA=27; MOVIMIENTO CIUDADANO=4; PAN=24; PRD=10; PRI=17; PVEM=2,CAND_IND_01|CAND_IND_02=10; MORENA=27; MOVIMIENTO CIUDADANO=4; PAN=24; PRD=10; PRI=17; PVEM=2
PRE_2018,duplicado,El Financiero,partido,PRE_2018_en_t03_r016,PRE_2018_t04_r016,2017-02-28,2017-02-28,0.0,0.0,CAND_IND_01|CAND_IND_02=6; ENCUENTRO SOCIAL=1; MORENA=25; MOVIMIENTO CIUDADANO=3; NUEVA ALIANZA=3; PAN=25; PRD=9; PRI=22; PT=3; PVEM=3,CAND_IND_01|CAND_IND_02=6; ENCUENTRO SOCIAL=1; MORENA=25; MOVIMIENTO CIUDADANO=3; NUEVA ALIANZA=3; PAN=25; PRD=9; PRI=22; PT=3; PVEM=3
PRE_2018,duplicado,Consulta Mitofsky,partido,PRE_2018_en_t03_r017,PRE_2018_t04_r017,2017-02-28,2017-02-28,0.0,0.0,CAND_IND_01|CAND_IND_02=3; ENCUENTRO SOCIAL=0.7; MORENA=15.9; MOVIMIENTO CIUDADANO=1.7; NUEVA ALIANZA=1.1; PAN=18.8; PRD=5.1; PRI=13; PT=0.8; PVEM=1.4,CAND_IND_01|CAND_IND_02=3; ENCUENTRO SOCIAL=0.7; MORENA=15.9; MOVIMIENTO CIUDADANO=1.7; NUEVA ALIANZA=1.1; PAN=18.8; PRD=5.1; PRI=13; PT=0.8; PVEM=1.4
PRE_2018,duplicado,México Elige,partido,PRE_2018_en_t03_r018,PRE_2018_t04_r018,2017-02-28,2017-02-28,0.0,0.0,CAND_IND_01|CAND_IND_02=14.5; ENCUENTRO SOCIAL=0.6; MORENA=36.9; MOVIMIENTO CIUDADANO=3; NUEVA ALIANZA=0.5; PAN=21; PRD=1.2; PRI=12.4; PT=0.2; PVEM=0.4,CAND_IND_01|CAND_IND_02=14.5; ENCUENTRO SOCIAL=0.6; MORENA=36.9; MOVIMIENTO CIUDADANO=3; NUEVA ALIANZA=0.5; PAN=21; PRD=1.2; PRI=12.4; PT=0.2; PVEM=0.4
PRE_2018,duplicado,GEA-ISA,partido,PRE_2018_en_t03_r019,PRE_2018_t04_r019,2017-03-31,2017-03-31,0.0,0.0,MORENA=15; PAN=20; PRD=7; PRI=19,MORENA=15; PAN=20; PRD=7; PRI=19
PRE_2018,duplicado,El Financiero,candidato,PRE_2018_en_t02_r001,PRE_2018_t06_r001,2017-04-30,2017-04-30,0.0,0.0,CAND_IND_01=32; CAND_IND_02=4; MORENA|PT|ENCUENTRO SOCIAL|PT_MORENA_PES|PT_MORENA|MORENA_PES|PT_PES=29,CAND_IND_01=32; CAND_IND_02=4; MORENA|PT|ENCUENTRO SOCIAL|PT_MORENA_PES|PT_MORENA|MORENA_PES|PT_PES=29
PRE_2018,duplicado,El Universal,candidato,PRE_2018_en_t02_r002,PRE_2018_t06_r002,2017-04-30,2017-04-30,0.0,0.0,CAND_IND_01=27; CAND_IND_02=4; MORENA|PT|ENCUENTRO SOCIAL|PT_MORENA_PES|PT_MORENA|MORENA_PES|PT_PES=33,CAND_IND_01=27; CAND_IND_02=4; MORENA|PT|ENCUENTRO SOCIAL|PT_MORENA_PES|PT_MORENA|MORENA_PES|PT_PES=33
PRE_2018,duplicado,El Universal,candidato,PRE_2018_en_t02_r003,PRE_2018_t06_r002,2017-04-30,2017-04-30,1.0,0.0,MORENA|PT|ENCUENTRO SOCIAL|PT_MORENA_PES|PT_MORENA|MORENA_PES|PT_PES=32; PAN|PRD|MOVIMIENTO CIUDADANO|PAN_PRD_MC|PAN_PRD|PAN_MC|PRD_MC=20,CAND_IND_01=27; CAND_IND_02=4; MORENA|PT|ENCUENTRO SOCIAL|PT_MORENA_PES|PT_MORENA|MORENA_PES|PT_PES=33
PRE_2018,duplicado,El Universal,candidato,PRE_2018_en_t02_r004,PRE_2018_t06_r003,2017-04-30,2017-04-30,0.0,0.0,CAND_IND_01=26; MORENA|PT|ENCUENTRO SOCIAL|PT_MORENA_PES|PT_MORENA|MORENA_PES|PT_PES=32,MORENA|PT|ENCUENTRO SOCIAL|PT_MORENA_PES|PT_MORENA|MORENA_PES|PT_PES=32; PAN|PRD|MOVIMIENTO CIUDADANO|PAN_PRD_MC|PAN_PRD|PAN_MC|PRD_MC=20
PRE_2018,duplicado,El Financiero,partido,PRE_2018_en_t03_r020,PRE_2018_t04_r020,2017-04-30,2017-04-30,0.0,0.0,CAND_IND_01|CAND_IND_02=4; ENCUENTRO SOCIAL=1; MORENA=21; MOVIMIENTO CIUDADANO=2; NUEVA ALIANZA=1; PAN=29; PRD=10; PRI=28; PT=1; PVEM=3,CAND_IND_01|CAND_IND_02=4; ENCUENTRO SOCIAL=1; MORENA=21; MOVIMIENTO CIUDADANO=2; NUEVA ALIANZA=1; PAN=29; PRD=10; PRI=28; PT=1; PVEM=3
PRE_2018,duplicado,Excélsior,partido,PRE_2018_en_t03_r021,PRE_2018_t04_r021,2017-04-30,2017-04-30,0.0,0.0,CAND_IND_01|CAND_IND_02=2; MORENA=26; PAN=21; PRD=8; PRI=19,CAND_IND_01|CAND_IND_02=2; MORENA=26; PAN=21; PRD=8; PRI=19
PRE_2018,duplicado,El Universal,partido,PRE_2018_en_t03_r022,PRE_2018_t04_r022,2017-04-30,2017-04-30,0.0,0.0,CAND_IND_01|CAND_IND_02=4; MORENA=33; PAN=27; PRD=6; PRI=13,CAND_IND_01|CAND_IND_02=4; MORENA=33; PAN=27; PRD=6; PRI=13
PRE_2018,duplicado,El Universal,partido,PRE_2018_en_t03_r023,PRE_2018_t04_r023,2017-04-30,2017-04-30,0.0,0.0,ENCUENTRO SOCIAL=2; MORENA=24; MOVIMIENTO CIUDADANO=4; NUEVA ALIANZA=4; PAN=23; PRD=6; PRI=13; PT=3; PVEM=4,ENCUENTRO SOCIAL=2; MORENA=24; MOVIMIENTO CIUDADANO=4; NUEVA ALIANZA=4; PAN=23; PRD=6; PRI=13; PT=3; PVEM=4
PRE_2018,duplicado,GEA-ISA,candidato,PRE_2018_en_t02_r005,PRE_2018_t06_r005,2017-06-30,2017-06-30,0.0,0.0,CAND_IND_01=6; MORENA|PT|ENCUENTRO SOCIAL|PT_MORENA_PES|PT_MORENA|MORENA_PES|PT_PES=18; PAN|PRD|MOVIMIENTO CIUDADANO|PAN_PRD_MC|PAN_PRD|PAN_MC|PRD_MC=7,CAND_IND_01=6; MORENA|PT|ENCUENTRO SOCIAL|PT_MORENA_PES|PT_MORENA|MORENA_PES|PT_PES=18; PAN|PRD|MOVIMIENTO CIUDADANO|PAN_PRD_MC|PAN_PRD|PAN_MC|PRD_MC=7
PRE_2018,duplicado,Consulta Mitofsky,coalicion,PRE_2018_en_t00_r001,PRE_2018_t05_r001,2017-07-31,2017-07-31,0.0,0.0,CAND_IND_01|CAND_IND_02=5.5; MORENA|PT|ENCUENTRO SOCIAL|PT_MORENA_PES|PT_MORENA|MORENA_PES|PT_PES=16.7; PAN|PRD|MOVIMIENTO CIUDADANO|PAN_PRD_MC|PAN_PRD|PAN_MC|PRD_MC=21.7; PRI|PVEM|NUEVA ALIANZA|PRI_PVEM_NA|PRI_PVEM|PRI_NA|PVEM_NA=15.9,CAND_IND_01|CAND_IND_02=5.5; MORENA|PT|PT_MORENA=16.7; PAN|PRD|MOVIMIENTO CIUDADANO|PAN_PRD_MC|PAN_PRD|PAN_MC|PRD_MC=21.7; PRI|PVEM|NUEVA ALIANZA|PRI_PVEM_NA|PRI_PVEM|PRI_NA|PVEM_NA=15.9
PRE_2018,duplicado,Reforma,candidato,PRE_2018_en_t02_r006,PRE_2018_t06_r006,2017-07-31,2017-07-31,0.0,0.0,CAND_IND_01=26; MORENA|PT|ENCUENTRO SOCIAL|PT_MORENA_PES|PT_MORENA|MORENA_PES|PT_PES=31,CAND_IND_01=26; MORENA|PT|ENCUENTRO SOCIAL|PT_MORENA_PES|PT_MORENA|MORENA_PES|PT_PES=31
PRE_2018,duplicado,Reforma,candidato,PRE_2018_en_t02_r007,PRE_2018_t06_r007,2017-07-31,2017-07-31,0.0,0.0,CAND_IND_01=26; CAND_IND_02=5; MORENA|PT|ENCUENTRO SOCIAL|PT_MORENA_PES|PT_MORENA|MORENA_PES|PT_PES=30,CAND_IND_01=26; CAND_IND_02=5; MORENA|PT|ENCUENTRO SOCIAL|PT_MORENA_PES|PT_MORENA|MORENA_PES|PT_PES=30
PRE_2018,duplicado,Reforma,candidato,PRE_2018_en_t02_r008,PRE_2018_t06_r008,2017-07-31,2017-07-31,0.0,0.0,CAND_IND_01=27; CAND_IND_02=9; MORENA|PT|ENCUENTRO SOCIAL|PT_MORENA_PES|PT_MORENA|MORENA_PES|PT_PES=30,CAND_IND_01=27; CAND_IND_02=9; MORENA|PT|ENCUENTRO SOCIAL|PT_MORENA_PES|PT_MORENA|MORENA_PES|PT_PES=30
PRE_2018,duplicado,Reforma,candidato,PRE_2018_en_t02_r009,PRE_2018_t06_r006,2017-07-31,2017-07-31,1.0,0.0,CAND_IND_02=8; MORENA|PT|ENCUENTRO SOCIAL|PT_MORENA_PES|PT_MORENA|MORENA_PES|PT_PES=32; PAN|PRD|MOVIMIENTO CIUDADANO|PAN_PRD_MC|PAN_PRD|PAN_MC|PRD_MC=17,CAND_IND_01=26; MORENA|PT|ENCUENTRO SOCIAL|PT_MORENA_PES|PT_MORENA|MORENA_PES|PT_PES=31
PRE_2018,duplicado,Reforma,candidato,PRE_2018_en_t02_r010,PRE_2018_t06_r006,2017-07-31,2017-07-31,2.0,0.0,CAND_IND_02=8; MORENA|PT|ENCUENTRO SOCIAL|PT_MORENA_PES|PT_MORENA|MORENA_PES|PT_PES=33,CAND_IND_01=26; MORENA|PT|ENCUENTRO SOCIAL|PT_MORENA_PES|PT_MORENA|MORENA_PES|PT_PES=31
PRE_2018,duplicado,El Financiero,candidato,PRE_2018_en_t02_r011,PRE_2018_t06_r011,2017-07-31,2017-07-31,0.0,0.0,CAND_IND_01=28; CAND_IND_02=8; MORENA|PT|ENCUENTRO SOCIAL|PT_MORENA_PES|PT_MORENA|MORENA_PES|PT_PES=30,CAND_IND_01=28; CAND_IND_02=8; MORENA|PT|ENCUENTRO SOCIAL|PT_MORENA_PES|PT_MORENA|MORENA_PES|PT_PES=30
PRE_2018,duplicado,Consulta Mitofsky,coalicion,PRE_2018_en_t00_r002,PRE_2018_t05_r002,2017-08-31,2017-08-31,0.0,0.0,CAND_IND_01|CAND_IND_02=4; MORENA|PT|ENCUENTRO SOCIAL|PT_MORENA_PES|PT_MORENA|MORENA_PES|PT_PES=16.4; PAN|PRD|MOVIMIENTO CIUDADANO|PAN_PRD_MC|PAN_PRD|PAN_MC|PRD_MC=21.2; PRI|PVEM|NUEVA ALIANZA|PRI_PVEM_NA|PRI_PVEM|PRI_NA|PVEM_NA=14.8,CAND_IND_01|CAND_IND_02=4; MORENA|PT|PT_MORENA=16.4; PAN|PRD|MOVIMIENTO CIUDADANO|PAN_PRD_MC|PAN_PRD|PAN_MC|PRD_MC=21.2; PRI|PVEM|NUEVA ALIANZA|PRI_PVEM_NA|PRI_PVEM|PRI_NA|PVEM_NA=14.8
PRE_2018,duplicado,Consulta Mitofsky,candidato,PRE_2018_en_t02_r012,PRE_2018_t06_r012,2017-08-31,2017-08-31,0.0,0.0,CAND_IND_01=19.7; CAND_IND_02=4.6; MORENA|PT|ENCUENTRO SOCIAL|PT_MORENA_PES|PT_MORENA|MORENA_PES|PT_PES=25.9,CAND_IND_01=19.7; CAND_IND_02=4.6; MORENA|PT|ENCUENTRO SOCIAL|PT_MORENA_PES|PT_MORENA|MORENA_PES|PT_PES=25.9
PRE_2018,duplicado,Consulta Mitofsky,candidato,PRE_2018_en_t02_r013,PRE_2018_t06_r013,2017-08-31,2017-08-31,0.0,0.0,CAND_IND_02=3.8; MORENA|PT|ENCUENTRO SOCIAL|PT_MORENA_PES|PT_MORENA|MORENA_PES|PT_PES=24.9; PAN|PRD|MOVIMIENTO CIUDADANO|PAN_PRD_MC|PAN_PRD|PAN_MC|PRD_MC=20.5,CAND_IND_02=3.8; MORENA|PT|ENCUENTRO SOCIAL|PT_MORENA_PES|PT_MORENA|MORENA_PES|PT_PES=24.9; PAN|PRD|MOVIMIENTO CIUDADANO|PAN_PRD_MC|PAN_PRD|PAN_MC|PRD_MC=20.5
PRE_2018,duplicado,Consulta Mitofsky,candidato,PRE_2018_en_t02_r014,PRE_2018_t06_r014,2017-08-31,2017-08-31,0.0,0.0,CAND_IND_02=4.9; MORENA|PT|ENCUENTRO SOCIAL|PT_MORENA_PES|PT_MORENA|MORENA_PES|PT_PES=26.3,CAND_IND_02=4.9; MORENA|PT|ENCUENTRO SOCIAL|PT_MORENA_PES|PT_MORENA|MORENA_PES|PT_PES=26.3
PRE_2018,duplicado,Consulta Mitofsky,candidato,PRE_2018_en_t02_r015,PRE_2018_t06_r015,2017-08-31,2017-08-31,0.0,0.0,CAND_IND_01=18.7; CAND_IND_02=5; MORENA|PT|ENCUENTRO SOCIAL|PT_MORENA_PES|PT_MORENA|MORENA_PES|PT_PES=25.9,CAND_IND_01=18.7; CAND_IND_02=5; MORENA|PT|ENCUENTRO SOCIAL|PT_MORENA_PES|PT_MORENA|MORENA_PES|PT_PES=25.9
PRE_2018,duplicado,Consulta Mitofsky,candidato,PRE_2018_en_t02_r016,PRE_2018_t06_r016,2017-08-31,2017-08-31,0.0,0.0,CAND_IND_01=19.3; CAND_IND_02=4.5; MORENA|PT|ENCUENTRO SOCIAL|PT_MORENA_PES|PT_MORENA|MORENA_PES|PT_PES=26.2; PRI|PVEM|NUEVA ALIANZA|PRI_PVEM_NA|PRI_PVEM|PRI_NA|PVEM_NA=12.8,CAND_IND_01=19.3; CAND_IND_02=4.5; MORENA|PT|ENCUENTRO SOCIAL|PT_MORENA_PES|PT_MORENA|MORENA_PES|PT_PES=26.2; PRI|PVEM|NUEVA ALIANZA|PRI_PVEM_NA|PRI_PVEM|PRI_NA|PVEM_NA=12.8
PRE_2018,duplicado,Consulta Mitofsky,candidato,PRE_2018_en_t02_r017,PRE_2018_t06_r017,2017-08-31,2017-08-31,0.0,0.0,CAND_IND_02=5.2; MORENA|PT|ENCUENTRO SOCIAL|PT_MORENA_PES|PT_MORENA|MORENA_PES|PT_PES=25.6; PAN|PRD|MOVIMIENTO CIUDADANO|PAN_PRD_MC|PAN_PRD|PAN_MC|PRD_MC=20.1; PRI|PVEM|NUEVA ALIANZA|PRI_PVEM_NA|PRI_PVEM|PRI_NA|PVEM_NA=13.1,CAND_IND_02=5.2; MORENA|PT|ENCUENTRO SOCIAL|PT_MORENA_PES|PT_MORENA|MORENA_PES|PT_PES=25.6; PAN|PRD|MOVIMIENTO CIUDADANO|PAN_PRD_MC|PAN_PRD|PAN_MC|PRD_MC=20.1; PRI|PVEM|NUEVA ALIANZA|PRI_PVEM_NA|PRI_PVEM|PRI_NA|PVEM_NA=13.1
PRE_2018,duplicado,Parametría,coalicion,PRE_2018_en_t00_r003,PRE_2018_t05_r003,2017-09-30,2017-09-30,0.0,0.0,MORENA|PT|ENCUENTRO SOCIAL|PT_MORENA_PES|PT_MORENA|MORENA_PES|PT_PES=23; PAN|PRD|MOVIMIENTO CIUDADANO|PAN_PRD_MC|PAN_PRD|PAN_MC|PRD_MC=32; PRI|PVEM|NUEVA ALIANZA|PRI_PVEM_NA|PRI_PVEM|PRI_NA|PVEM_NA=15,MORENA|PT|PT_MORENA=23; PAN|PRD|MOVIMIENTO CIUDADANO|PAN_PRD_MC|PAN_PRD|PAN_MC|PRD_MC=32; PRI|PVEM|NUEVA ALIANZA|PRI_PVEM_NA|PRI_PVEM|PRI_NA|PVEM_NA=15
PRE_2018,duplicado,Reforma,coalicion,PRE_2018_en_t00_r004,PRE_2018_t05_r004,2017-09-30,2017-09-30,0.0,0.0,CAND_IND_01|CAND_IND_02=8; MORENA|PT|ENCUENTRO SOCIAL|PT_MORENA_PES|PT_MORENA|MORENA_PES|PT_PES=31; PAN|PRD|MOVIMIENTO CIUDADANO|PAN_PRD_MC|PAN_PRD|PAN_MC|PRD_MC=24; PRI|PVEM|NUEVA ALIANZA|PRI_PVEM_NA|PRI_PVEM|PRI_NA|PVEM_NA=28,CAND_IND_01|CAND_IND_02=8; MORENA|PT|PT_MORENA=31; PAN|PRD|MOVIMIENTO CIUDADANO|PAN_PRD_MC|PAN_PRD|PAN_MC|PRD_MC=24; PRI|PVEM|NUEVA ALIANZA|PRI_PVEM_NA|PRI_PVEM|PRI_NA|PVEM_NA=28
PRE_2018,duplicado,México Elige,coalicion,PRE_2018_en_t00_r005,PRE_2018_t05_r005,2017-10-31,2017-10-31,0.0,0.0,CAND_IND_01|CAND_IND_02=11.4; MORENA|PT|ENCUENTRO SOCIAL|PT_MORENA_PES|PT_MORENA|MORENA_PES|PT_PES=36.1; PAN|PRD|MOVIMIENTO CIUDADANO|PAN_PRD_MC|PAN_PRD|PAN_MC|PRD_MC=22.5; PRI|PVEM|NUEVA ALIANZA|PRI_PVEM_NA|PRI_PVEM|PRI_NA|PVEM_NA=21.8,CAND_IND_01|CAND_IND_02=11.4; MORENA|PT|PT_MORENA=36.1; PAN|PRD|MOVIMIENTO CIUDADANO|PAN_PRD_MC|PAN_PRD|PAN_MC|PRD_MC=22.5; PRI|PVEM|NUEVA ALIANZA|PRI_PVEM_NA|PRI_PVEM|PRI_NA|PVEM_NA=21.8
PRE_2018,duplicado,México Elige,candidato,PRE_2018_en_t02_r018,PRE_2018_t06_r018,2017-10-31,2017-10-31,0.0,0.0,CAND_IND_01=14.7; CAND_IND_02=2.2; MORENA|PT|ENCUENTRO SOCIAL|PT_MORENA_PES|PT_MORENA|MORENA_PES|PT_PES=36.7,CAND_IND_01=14.7; CAND_IND_02=2.2; MORENA|PT|ENCUENTRO SOCIAL|PT_MORENA_PES|PT_MORENA|MORENA_PES|PT_PES=36.7
PRE_2018,duplicado,El Financiero,coalicion,PRE_2018_en_t00_r006,PRE_2018_t05_r006,2017-11-30,2017-11-30,0.0,0.0,MORENA|PT|ENCUENTRO SOCIAL|PT_MORENA_PES|PT_MORENA|MORENA_PES|PT_PES=24; PAN|PRD|MOVIMIENTO CIUDADANO|PAN_PRD_MC|PAN_PRD|PAN_MC|PRD_MC=18; PRI|PVEM|NUEVA ALIANZA|PRI_PVEM_NA|PRI_PVEM|PRI_NA|PVEM_NA=22,MORENA|PT|PT_MORENA=24; PAN|PRD|MOVIMIENTO CIUDADANO|PAN_PRD_MC|PAN_PRD|PAN_MC|PRD_MC=18; PRI|PVEM|NUEVA ALIANZA|PRI_PVEM_NA|PRI_PVEM|PRI_NA|PVEM_NA=22
PRE_2018,duplicado,Reforma,candidato,PRE_2018_en_t02_r019,PRE_2018_t06_r019,2017-11-30,2017-11-30,0.0,0.0,CAND_IND_01=8; CAND_IND_02=2; MORENA|PT|ENCUENTRO SOCIAL|PT_MORENA_PES|PT_MORENA|MORENA_PES|PT_PES=31; PAN|PRD|MOVIMIENTO CIUDADANO|PAN_PRD_MC|PAN_PRD|PAN_MC|PRD_MC=19; PRI|PVEM|NUEVA ALIANZA|PRI_PVEM_NA|PRI_PVEM|PRI_NA|PVEM_NA=17,CAND_IND_01=8; CAND_IND_02=2; MORENA|PT|ENCUENTRO SOCIAL|PT_MORENA_PES|PT_MORENA|MORENA_PES|PT_PES=31; PAN|PRD|MOVIMIENTO CIUDADANO|PAN_PRD_MC|PAN_PRD|PAN_MC|PRD_MC=19; PRI|PVEM|NUEVA ALIANZA|PRI_PVEM_NA|PRI_PVEM|PRI_NA|PVEM_NA=17
PRE_2018,duplicado,El Economista,coalicion,PRE_2018_en_t00_r007,PRE_2018_t05_r007,2017-12-31,2017-12-31,0.0,0.0,CAND_IND_01|CAND_IND_02=7.4; MORENA|PT|ENCUENTRO SOCIAL|PT_MORENA_PES|PT_MORENA|MORENA_PES|PT_PES=22.6; PAN|PRD|MOVIMIENTO CIUDADANO|PAN_PRD_MC|PAN_PRD|PAN_MC|PRD_MC=23.1; PRI|PVEM|NUEVA ALIANZA|PRI_PVEM_NA|PRI_PVEM|PRI_NA|PVEM_NA=21.4,CAND_IND_01|CAND_IND_02=7.4; MORENA|PT|PT_MORENA=22.6; PAN|PRD|MOVIMIENTO CIUDADANO|PAN_PRD_MC|PAN_PRD|PAN_MC|PRD_MC=23.1; PRI|PVEM|NUEVA ALIANZA|PRI_PVEM_NA|PRI_PVEM|PRI_NA|PVEM_NA=21.4
PRE_2018,duplicado,GCE,candidato,PRE_2018_en_t02_r020,PRE_2018_t06_r020,2017-12-31,2017-12-31,0.0,0.0,CAND_IND_01=9.7; CAND_IND_02=4.2; MORENA|PT|ENCUENTRO SOCIAL|PT_MORENA_PES|PT_MORENA|MORENA_PES|PT_PES=27.8; PAN|PRD|MOVIMIENTO CIUDADANO|PAN_PRD_MC|PAN_PRD|PAN_MC|PRD_MC=9.2; PRI|PVEM|NUEVA ALIANZA|PRI_PVEM_NA|PRI_PVEM|PRI_NA|PVEM_NA=21.5,CAND_IND_01=9.7; CAND_IND_02=4.2; MORENA|PT|ENCUENTRO SOCIAL|PT_MORENA_PES|PT_MORENA|MORENA_PES|PT_PES=27.8; PAN|PRD|MOVIMIENTO CIUDADANO|PAN_PRD_MC|PAN_PRD|PAN_MC|PRD_MC=9.2; PRI|PVEM|NUEVA ALIANZA|PRI_PVEM_NA|PRI_PVEM|PRI_NA|PVEM_NA=21.5
PRE_2018,duplicado,Massive Caller,candidato,PRE_2018_en_t02_r021,PRE_2018_t06_r021,2017-12-31,2017-12-31,0.0,0.0,CAND_IND_01=9; CAND_IND_02=9; MORENA|PT|ENCUENTRO SOCIAL|PT_MORENA_PES|PT_MORENA|MORENA_PES|PT_PES=27.2; PAN|PRD|MOVIMIENTO CIUDADANO|PAN_PRD_MC|PAN_PRD|PAN_MC|PRD_MC=18.1; PRI|PVEM|NUEVA ALIANZA|PRI_PVEM_NA|PRI_PVEM|PRI_NA|PVEM_NA=20.4,CAND_IND_01=9; CAND_IND_02=9; MORENA|PT|ENCUENTRO SOCIAL|PT_MORENA_PES|PT_MORENA|MORENA_PES|PT_PES=27.2; PAN|PRD|MOVIMIENTO CIUDADANO|PAN_PRD_MC|PAN_PRD|PAN_MC|PRD_MC=18.1; PRI|PVEM|NUEVA ALIANZA|PRI_PVEM_NA|PRI_PVEM|PRI_NA|PVEM_NA=20.4
PRE_2018,duplicado,SDP Noticias,candidato,PRE_2018_en_t01_r002,PRE_2018_t03_r004,2018-01-09,2018-01-10,0.43,0.38,CAND_IND_01=7.9; CAND_IND_02=2.9; MORENA|PT|ENCUENTRO SOCIAL|PT_MORENA_PES|PT_MORENA|MORENA_PES|PT_PES=38.1; PAN|PRD|MOVIMIENTO CIUDADANO|PAN_PRD_MC|PAN_PRD|PAN_MC|PRD_MC=17.7; PRI|PVEM|NUEVA ALIANZA|PRI_PVEM_NA|PRI_PVEM|PRI_NA|PVEM_NA=26.1,CAND_IND_01=7.9; CAND_IND_02=2.9; MORENA|PT|ENCUENTRO SOCIAL|PT_MORENA_PES|PT_MORENA|MORENA_PES|PT_PES=38.1; PAN|PRD|MOVIMIENTO CIUDADANO|PAN_PRD_MC|PAN_PRD|PAN_MC|PRD_MC=17.27; PRI|PVEM|NUEVA ALIANZA|PRI_PVEM_NA|PRI_PVEM|PRI_NA|PVEM_NA=26.1
PRE_2018,duplicado,El Universal,candidato,PRE_2018_en_t01_r006,PRE_2018_t03_r006,2018-01-25,2018-01-25,0.0,0.0,CAND_IND_01=4; CAND_IND_02=2; MORENA|PT|ENCUENTRO SOCIAL|PT_MORENA_PES|PT_MORENA|MORENA_PES|PT_PES=32; PAN|PRD|MOVIMIENTO CIUDADANO|PAN_PRD_MC|PAN_PRD|PAN_MC|PRD_MC=26; PRI|PVEM|NUEVA ALIANZA|PRI_PVEM_NA|PRI_PVEM|PRI_NA|PVEM_NA=16,CAND_IND_01=4; CAND_IND_02=2; MORENA|PT|ENCUENTRO SOCIAL|PT_MORENA_PES|PT_MORENA|MORENA_PES|PT_PES=32; PAN|PRD|MOVIMIENTO CIUDADANO|PAN_PRD_MC|PAN_PRD|PAN_MC|PRD_MC=26; PRI|PVEM|NUEVA ALIANZA|PRI_PVEM_NA|PRI_PVEM|PRI_NA|PVEM_NA=16
PRE_2018,duplicado,Consulta Mitofsky,candidato,PRE_2018_en_t01_r003,PRE_2018_t03_r003,2018-01-31,2018-01-31,0.0,0.0,MORENA|PT|ENCUENTRO SOCIAL|PT_MORENA_PES|PT_MORENA|MORENA_PES|PT_PES=23.6; PAN|PRD|MOVIMIENTO CIUDADANO|PAN_PRD_MC|PAN_PRD|PAN_MC|PRD_MC=20.4; PRI|PVEM|NUEVA ALIANZA|PRI_PVEM_NA|PRI_PVEM|PRI_NA|PVEM_NA=18.2,CAND_IND_01=4.8; CAND_IND_02=3.2; MORENA|PT|ENCUENTRO SOCIAL|PT_MORENA_PES|PT_MORENA|MORENA_PES|PT_PES=23.6; PAN|PRD|MOVIMIENTO CIUDADANO|PAN_PRD_MC|PAN_PRD|PAN_MC|PRD_MC=20.4; PRI|PVEM|NUEVA ALIANZA|PRI_PVEM_NA|PRI_PVEM|PRI_NA|PVEM_NA=18.2
PRE_2018,duplicado,El Financiero,candidato,PRE_2018_en_t01_r007,PRE_2018_t03_r008,2018-01-31,2018-01-31,0.0,0.0,CAND_IND_01=7; CAND_IND_02=3; MORENA|PT|ENCUENTRO SOCIAL|PT_MORENA_PES|PT_MORENA|MORENA_PES|PT_PES=38; PAN|PRD|MOVIMIENTO CIUDADANO|PAN_PRD_MC|PAN_PRD|PAN_MC|PRD_MC=27; PRI|PVEM|NUEVA ALIANZA|PRI_PVEM_NA|PRI_PVEM|PRI_NA|PVEM_NA=22,CAND_IND_01=7; CAND_IND_02=3; MORENA|PT|ENCUENTRO SOCIAL|PT_MORENA_PES|PT_MORENA|MORENA_PES|PT_PES=38; PAN|PRD|MOVIMIENTO CIUDADANO|PAN_PRD_MC|PAN_PRD|PAN_MC|PRD_MC=27; PRI|PVEM|NUEVA ALIANZA|PRI_PVEM_NA|PRI_PVEM|PRI_NA|PVEM_NA=22
PRE_2018,duplicado,Parametría,candidato,PRE_2018_en_t01_r008,PRE_2018_t03_r009,2018-02-02,2018-02-02,0.0,0.0,CAND_IND_01=7; CAND_IND_02=2; MORENA|PT|ENCUENTRO SOCIAL|PT_MORENA_PES|PT_MORENA|MORENA_PES|PT_PES=34; PAN|PRD|MOVIMIENTO CIUDADANO|PAN_PRD_MC|PAN_PRD|PAN_MC|PRD_MC=23; PRI|PVEM|NUEVA ALIANZA|PRI_PVEM_NA|PRI_PVEM|PRI_NA|PVEM_NA=18,CAND_IND_01=7; CAND_IND_02=2; MORENA|PT|ENCUENTRO SOCIAL|PT_MORENA_PES|PT_MORENA|MORENA_PES|PT_PES=34; PAN|PRD|MOVIMIENTO CIUDADANO|PAN_PRD_MC|PAN_PRD|PAN_MC|PRD_MC=23; PRI|PVEM|NUEVA ALIANZA|PRI_PVEM_NA|PRI_PVEM|PRI_NA|PVEM_NA=18
PRE_2018,duplicado,Mendoza Blanco & Asociados,candidato,PRE_2018_en_t01_r009,PRE_2018_t03_r010,2018-02-04,2018-02-04,0.0,0.0,CAND_IND_01=3; CAND_IND_02=2; MORENA|PT|ENCUENTRO SOCIAL|PT_MORENA_PES|PT_MORENA|MORENA_PES|PT_PES=30; PAN|PRD|MOVIMIENTO CIUDADANO|PAN_PRD_MC|PAN_PRD|PAN_MC|PRD_MC=26; PRI|PVEM|NUEVA ALIANZA|PRI_PVEM_NA|PRI_PVEM|PRI_NA|PVEM_NA=16,CAND_IND_01=3; CAND_IND_02=2; MORENA|PT|ENCUENTRO SOCIAL|PT_MORENA_PES|PT_MORENA|MORENA_PES|PT_PES=30; PAN|PRD|MOVIMIENTO CIUDADANO|PAN_PRD_MC|PAN_PRD|PAN_MC|PRD_MC=26; PRI|PVEM|NUEVA ALIANZA|PRI_PVEM_NA|PRI_PVEM|PRI_NA|PVEM_NA=16
PRE_2018,duplicado,Consulta Mitofsky,candidato,PRE_2018_en_t01_r011,PRE_2018_t03_r011,2018-02-11,2018-02-28,0.1,0.09,MORENA|PT|ENCUENTRO SOCIAL|PT_MORENA_PES|PT_MORENA|MORENA_PES|PT_PES=27.1; PAN|PRD|MOVIMIENTO CIUDADANO|PAN_PRD_MC|PAN_PRD|PAN_MC|PRD_MC=22.3; PRI|PVEM|NUEVA ALIANZA|PRI_PVEM_NA|PRI_PVEM|PRI_NA|PVEM_NA=18,CAND_IND_01=8; CAND_IND_02=8; MORENA|PT|ENCUENTRO SOCIAL|PT_MORENA_PES|PT_MORENA|MORENA_PES|PT_PES=27; PAN|PRD|MOVIMIENTO CIUDADANO|PAN_PRD_MC|PAN_PRD|PAN_MC|PRD_MC=22.3; PRI|PVEM|NUEVA ALIANZA|PRI_PVEM_NA|PRI_PVEM|PRI_NA|PVEM_NA=18
PRE_2018,duplicado,Reforma,candidato,PRE_2018_en_t01_r012,PRE_2018_t03_r012,2018-02-11,2018-02-11,0.0,0.0,CAND_IND_01=4; CAND_IND_02=2; MORENA|PT|ENCUENTRO SOCIAL|PT_MORENA_PES|PT_MORENA|MORENA_PES|PT_PES=33; PAN|PRD|MOVIMIENTO CIUDADANO|PAN_PRD_MC|PAN_PRD|PAN_MC|PRD_MC=25; PRI|PVEM|NUEVA ALIANZA|PRI_PVEM_NA|PRI_PVEM|PRI_NA|PVEM_NA=14,CAND_IND_01=4; CAND_IND_02=2; MORENA|PT|ENCUENTRO SOCIAL|PT_MORENA_PES|PT_MORENA|MORENA_PES|PT_PES=33; PAN|PRD|MOVIMIENTO CIUDADANO|PAN_PRD_MC|PAN_PRD|PAN_MC|PRD_MC=25; PRI|PVEM|NUEVA ALIANZA|PRI_PVEM_NA|PRI_PVEM|PRI_NA|PVEM_NA=14
PRE_2018,duplicado,Parámetro,candidato,PRE_2018_en_t01_r014,PRE_2018_t03_r014,2018-02-11,2018-02-11,0.5,0.6,CAND_IND_01=3.9; CAND_IND_02=2; MORENA|PT|ENCUENTRO SOCIAL|PT_MORENA_PES|PT_MORENA|MORENA_PES|PT_PES=30.5; PAN|PRD|MOVIMIENTO CIUDADANO|PAN_PRD_MC|PAN_PRD|PAN_MC|PRD_MC=23.8; PRI|PVEM|NUEVA ALIANZA|PRI_PVEM_NA|PRI_PVEM|PRI_NA|PVEM_NA=23.3,CAND_IND_01=3.9; CAND_IND_02=2; MORENA|PT|ENCUENTRO SOCIAL|PT_MORENA_PES|PT_MORENA|MORENA_PES|PT_PES=30.5; PAN|PRD|MOVIMIENTO CIUDADANO|PAN_PRD_MC|PAN_PRD|PAN_MC|PRD_MC=23.3; PRI|PVEM|NUEVA ALIANZA|PRI_PVEM_NA|PRI_PVEM|PRI_NA|PVEM_NA=23.8
PRE_2018,duplicado,SABA,coalicion,PRE_2018_en_t00_r010,PRE_2018_t02_r006,2018-02-12,2018-02-28,0.2,0.28,CAND_IND_01|CAND_IND_02=11.3; MORENA|PT|ENCUENTRO SOCIAL|PT_MORENA_PES|PT_MORENA|MORENA_PES|PT_PES=38.5; PAN|PRD|MOVIMIENTO CIUDADANO|PAN_PRD_MC|PAN_PRD|PAN_MC|PRD_MC=12.3; PRI|PVEM|NUEVA ALIANZA|PRI_PVEM_NA|PRI_PVEM|PRI_NA|PVEM_NA=10.3,CAND_IND_01|CAND_IND_02=11.3; MORENA|PT|ENCUENTRO SOCIAL|PT_MORENA_PES|PT_MORENA|MORENA_PES|PT_PES=38.3; PAN|PRD|MOVIMIENTO CIUDADANO|PAN_PRD_MC|PAN_PRD|PAN_MC|PRD_MC=12.5; PRI|PVEM|NUEVA ALIANZA|PRI_PVEM_NA|PRI_PVEM|PRI_NA|PVEM_NA=10.3
PRE_2018,duplicado,Revista 32,coalicion,PRE_2018_en_t00_r011,PRE_2018_t02_r007,2018-02-16,2018-02-16,0.0,0.0,CAND_IND_01|CAND_IND_02=5.8; MORENA|PT|ENCUENTRO SOCIAL|PT_MORENA_PES|PT_MORENA|MORENA_PES|PT_PES=46.2; PAN|PRD|MOVIMIENTO CIUDADANO|PAN_PRD_MC|PAN_PRD|PAN_MC|PRD_MC=18.1; PRI|PVEM|NUEVA ALIANZA|PRI_PVEM_NA|PRI_PVEM|PRI_NA|PVEM_NA=18,CAND_IND_01|CAND_IND_02=5.8; MORENA|PT|ENCUENTRO SOCIAL|PT_MORENA_PES|PT_MORENA|MORENA_PES|PT_PES=46.2; PAN|PRD|MOVIMIENTO CIUDADANO|PAN_PRD_MC|PAN_PRD|PAN_MC|PRD_MC=18.1; PRI|PVEM|NUEVA ALIANZA|PRI_PVEM_NA|PRI_PVEM|PRI_NA|PVEM_NA=18
PRE_2018,duplicado,Revista 32,candidato,PRE_2018_en_t01_r016,PRE_2018_t03_r015,2018-02-16,2018-02-16,0.0,0.0,CAND_IND_01=4.2; CAND_IND_02=2.5; MORENA|PT|ENCUENTRO SOCIAL|PT_MORENA_PES|PT_MORENA|MORENA_PES|PT_PES=48.2; PAN|PRD|MOVIMIENTO CIUDADANO|PAN_PRD_MC|PAN_PRD|PAN_MC|PRD_MC=16.3; PRI|PVEM|NUEVA ALIANZA|PRI_PVEM_NA|PRI_PVEM|PRI_NA|PVEM_NA=17.8,CAND_IND_01=4.2; CAND_IND_02=2.5; MORENA|PT|ENCUENTRO SOCIAL|PT_MORENA_PES|PT_MORENA|MORENA_PES|PT_PES=48.2; PAN|PRD|MOVIMIENTO CIUDADANO|PAN_PRD_MC|PAN_PRD|PAN_MC|PRD_MC=16.3; PRI|PVEM|NUEVA ALIANZA|PRI_PVEM_NA|PRI_PVEM|PRI_NA|PVEM_NA=17.8
PRE_2018,duplicado,Massive Caller,candidato,PRE_2018_en_t01_r017,PRE_2018_t03_r016,2018-02-28,2018-02-27,0.0,0.0,CAND_IND_01=7.23; CAND_IND_02=2; MORENA|PT|ENCUENTRO SOCIAL|PT_MORENA_PES|PT_MORENA|MORENA_PES|PT_PES=30.55; PAN|PRD|MOVIMIENTO CIUDADANO|PAN_PRD_MC|PAN_PRD|PAN_MC|PRD_MC=24.78; PRI|PVEM|NUEVA ALIANZA|PRI_PVEM_NA|PRI_PVEM|PRI_NA|PVEM_NA=15.4,CAND_IND_01=7.23; CAND_IND_02=2; MORENA|PT|ENCUENTRO SOCIAL|PT_MORENA_PES|PT_MORENA|MORENA_PES|PT_PES=30.55; PAN|PRD|MOVIMIENTO CIUDADANO|PAN_PRD_MC|PAN_PRD|PAN_MC|PRD_MC=24.78; PRI|PVEM|NUEVA ALIANZA|PRI_PVEM_NA|PRI_PVEM|PRI_NA|PVEM_NA=15.4
PRE_2018,duplicado,Parametría,candidato,PRE_2018_en_t01_r019,PRE_2018_t03_r019,2018-03-01,2018-03-01,0.0,0.0,CAND_IND_01=10; CAND_IND_02=5; MORENA|PT|ENCUENTRO SOCIAL|PT_MORENA_PES|PT_MORENA|MORENA_PES|PT_PES=35; PAN|PRD|MOVIMIENTO CIUDADANO|PAN_PRD_MC|PAN_PRD|PAN_MC|PRD_MC=21; PRI|PVEM|NUEVA ALIANZA|PRI_PVEM_NA|PRI_PVEM|PRI_NA|PVEM_NA=16,CAND_IND_01=10; CAND_IND_02=5; MORENA|PT|ENCUENTRO SOCIAL|PT_MORENA_PES|PT_MORENA|MORENA_PES|PT_PES=35; PAN|PRD|MOVIMIENTO CIUDADANO|PAN_PRD_MC|PAN_PRD|PAN_MC|PRD_MC=21; PRI|PVEM|NUEVA ALIANZA|PRI_PVEM_NA|PRI_PVEM|PRI_NA|PVEM_NA=16
PRE_2018,duplicado,El Financiero,candidato,PRE_2018_en_t01_r022,PRE_2018_t03_r026,2018-03-14,2018-03-14,0.0,0.0,CAND_IND_01=7; CAND_IND_02=2; MORENA|PT|ENCUENTRO SOCIAL|PT_MORENA_PES|PT_MORENA|MORENA_PES|PT_PES=42; PAN|PRD|MOVIMIENTO CIUDADANO|PAN_PRD_MC|PAN_PRD|PAN_MC|PRD_MC=23; PRI|PVEM|NUEVA ALIANZA|PRI_PVEM_NA|PRI_PVEM|PRI_NA|PVEM_NA=24,CAND_IND_01=7; CAND_IND_02=2; MORENA|PT|ENCUENTRO SOCIAL|PT_MORENA_PES|PT_MORENA|MORENA_PES|PT_PES=42; PAN|PRD|MOVIMIENTO CIUDADANO|PAN_PRD_MC|PAN_PRD|PAN_MC|PRD_MC=23; PRI|PVEM|NUEVA ALIANZA|PRI_PVEM_NA|PRI_PVEM|PRI_NA|PVEM_NA=24
PRE_2018,duplicado,Revista 32,coalicion,PRE_2018_en_t00_r012,PRE_2018_t02_r009,2018-03-23,2018-03-23,0.0,0.0,CAND_IND_01|CAND_IND_02=6.6; MORENA|PT|ENCUENTRO SOCIAL|PT_MORENA_PES|PT_MORENA|MORENA_PES|PT_PES=44.6; PAN|PRD|MOVIMIENTO CIUDADANO|PAN_PRD_MC|PAN_PRD|PAN_MC|PRD_MC=15.9; PRI|PVEM|NUEVA ALIANZA|PRI_PVEM_NA|PRI_PVEM|PRI_NA|PVEM_NA=17.8,CAND_IND_01|CAND_IND_02=6.6; MORENA|PT|ENCUENTRO SOCIAL|PT_MORENA_PES|PT_MORENA|MORENA_PES|PT_PES=44.6; PAN|PRD|MOVIMIENTO CIUDADANO|PAN_PRD_MC|PAN_PRD|PAN_MC|PRD_MC=15.9; PRI|PVEM|NUEVA ALIANZA|PRI_PVEM_NA|PRI_PVEM|PRI_NA|PVEM_NA=17.8
PRE_2018,duplicado,Parametría,coalicion,PRE_2018_en_t00_r013,PRE_2018_t02_r010,2018-03-28,2018-03-28,0.0,0.0,CAND_IND_01|CAND_IND_02=7; MORENA|PT|ENCUENTRO SOCIAL|PT_MORENA_PES|PT_MORENA|MORENA_PES|PT_PES=36; PAN|PRD|MOVIMIENTO CIUDADANO|PAN_PRD_MC|PAN_PRD|PAN_MC|PRD_MC=25; PRI|PVEM|NUEVA ALIANZA|PRI_PVEM_NA|PRI_PVEM|PRI_NA|PVEM_NA=20,CAND_IND_01|CAND_IND_02=7; MORENA|PT|ENCUENTRO SOCIAL|PT_MORENA_PES|PT_MORENA|MORENA_PES|PT_PES=36; PAN|PRD|MOVIMIENTO CIUDADANO|PAN_PRD_MC|PAN_PRD|PAN_MC|PRD_MC=25; PRI|PVEM|NUEVA ALIANZA|PRI_PVEM_NA|PRI_PVEM|PRI_NA|PVEM_NA=20
PRE_2018,duplicado,Parametría,candidato,PRE_2018_en_t01_r024,PRE_2018_t01_r005,2018-03-28,2018-03-28,0.0,0.0,CAND_IND_01=13; MORENA|PT|ENCUENTRO SOCIAL|PT_MORENA_PES|PT_MORENA|MORENA_PES|PT_PES=38; PAN|PRD|MOVIMIENTO CIUDADANO|PAN_PRD_MC|PAN_PRD|PAN_MC|PRD_MC=20; PRI|PVEM|NUEVA ALIANZA|PRI_PVEM_NA|PRI_PVEM|PRI_NA|PVEM_NA=16,CAND_IND_01=13; MORENA|PT|ENCUENTRO SOCIAL|PT_MORENA_PES|PT_MORENA|MORENA_PES|PT_PES=38; PAN|PRD|MOVIMIENTO CIUDADANO|PAN_PRD_MC|PAN_PRD|PAN_MC|PRD_MC=20; PRI|PVEM|NUEVA ALIANZA|PRI_PVEM_NA|PRI_PVEM|PRI_NA|PVEM_NA=16
PRE_2018,duplicado,Gii360,candidato,PRE_2018_en_t01_r025,PRE_2018_t01_r008,2018-04-03,2018-04-03,0.0,0.0,CAND_IND_01=7; MORENA|PT|ENCUENTRO SOCIAL|PT_MORENA_PES|PT_MORENA|MORENA_PES|PT_PES=43; PAN|PRD|MOVIMIENTO CIUDADANO|PAN_PRD_MC|PAN_PRD|PAN_MC|PRD_MC=19; PRI|PVEM|NUEVA ALIANZA|PRI_PVEM_NA|PRI_PVEM|PRI_NA|PVEM_NA=13,CAND_IND_01=7; MORENA|PT|ENCUENTRO SOCIAL|PT_MORENA_PES|PT_MORENA|MORENA_PES|PT_PES=43; PAN|PRD|MOVIMIENTO CIUDADANO|PAN_PRD_MC|PAN_PRD|PAN_MC|PRD_MC=19; PRI|PVEM|NUEVA ALIANZA|PRI_PVEM_NA|PRI_PVEM|PRI_NA|PVEM_NA=13
PRE_2018,duplicado,Gii360,partido,PRE_2018_en_t03_r028,PRE_2018_t00_r002,2018-04-03,2018-04-03,0.0,0.0,CAND_IND_01|CAND_IND_02=6; ENCUENTRO SOCIAL=1; MORENA=34; MOVIMIENTO CIUDADANO=2; NUEVA ALIANZA=1; PAN=14; PRD=2; PRI=12; PT=1; PVEM=1,CAND_IND_01|CAND_IND_02=6; ENCUENTRO SOCIAL=1; MORENA=34; MOVIMIENTO CIUDADANO=2; NUEVA ALIANZA=1; PAN=14; PRD=2; PRI=12; PT=1; PVEM=1
PRE_2018,duplicado,SDP Noticias,candidato,PRE_2018_en_t01_r027,PRE_2018_t01_r011,2018-04-14,2018-04-14,0.0,0.0,CAND_IND_01=9; CAND_IND_02=2.5; MORENA|PT|ENCUENTRO SOCIAL|PT_MORENA_PES|PT_MORENA|MORENA_PES|PT_PES=41.9; PAN|PRD|MOVIMIENTO CIUDADANO|PAN_PRD_MC|PAN_PRD|PAN_MC|PRD_MC=19.7; PRI|PVEM|NUEVA ALIANZA|PRI_PVEM_NA|PRI_PVEM|PRI_NA|PVEM_NA=22.7,CAND_IND_01=9; CAND_IND_02=2.5; MORENA|PT|ENCUENTRO SOCIAL|PT_MORENA_PES|PT_MORENA|MORENA_PES|PT_PES=41.9; PAN|PRD|MOVIMIENTO CIUDADANO|PAN_PRD_MC|PAN_PRD|PAN_MC|PRD_MC=19.7; PRI|PVEM|NUEVA ALIANZA|PRI_PVEM_NA|PRI_PVEM|PRI_NA|PVEM_NA=22.7
PRE_2018,duplicado,Reforma,candidato,PRE_2018_en_t01_r028,PRE_2018_t01_r012,2018-04-15,2018-04-15,0.0,0.0,CAND_IND_01=5; CAND_IND_02=3; MORENA|PT|ENCUENTRO SOCIAL|PT_MORENA_PES|PT_MORENA|MORENA_PES|PT_PES=48; PAN|PRD|MOVIMIENTO CIUDADANO|PAN_PRD_MC|PAN_PRD|PAN_MC|PRD_MC=26; PRI|PVEM|NUEVA ALIANZA|PRI_PVEM_NA|PRI_PVEM|PRI_NA|PVEM_NA=18,CAND_IND_01=5; CAND_IND_02=3; MORENA|PT|ENCUENTRO SOCIAL|PT_MORENA_PES|PT_MORENA|MORENA_PES|PT_PES=48; PAN|PRD|MOVIMIENTO CIUDADANO|PAN_PRD_MC|PAN_PRD|PAN_MC|PRD_MC=26; PRI|PVEM|NUEVA ALIANZA|PRI_PVEM_NA|PRI_PVEM|PRI_NA|PVEM_NA=18
PRE_2018,duplicado,Revista 32,candidato,PRE_2018_en_t01_r031,PRE_2018_t01_r016,2018-04-25,2018-04-25,0.0,0.0,CAND_IND_01=2.2; CAND_IND_02=2.8; MORENA|PT|ENCUENTRO SOCIAL|PT_MORENA_PES|PT_MORENA|MORENA_PES|PT_PES=50.9; PAN|PRD|MOVIMIENTO CIUDADANO|PAN_PRD_MC|PAN_PRD|PAN_MC|PRD_MC=17.8; PRI|PVEM|NUEVA ALIANZA|PRI_PVEM_NA|PRI_PVEM|PRI_NA|PVEM_NA=13.5,CAND_IND_01=2.2; CAND_IND_02=2.8; MORENA|PT|ENCUENTRO SOCIAL|PT_MORENA_PES|PT_MORENA|MORENA_PES|PT_PES=50.9; PAN|PRD|MOVIMIENTO CIUDADANO|PAN_PRD_MC|PAN_PRD|PAN_MC|PRD_MC=17.8; PRI|PVEM|NUEVA ALIANZA|PRI_PVEM_NA|PRI_PVEM|PRI_NA|PVEM_NA=13.5
PRE_2018,duplicado,SDP Noticias,candidato,PRE_2018_en_t01_r030,PRE_2018_t01_r015,2018-04-28,2018-04-28,0.0,0.0,CAND_IND_01=4.8; CAND_IND_02=3.1; MORENA|PT|ENCUENTRO SOCIAL|PT_MORENA_PES|PT_MORENA|MORENA_PES|PT_PES=41.4; PAN|PRD|MOVIMIENTO CIUDADANO|PAN_PRD_MC|PAN_PRD|PAN_MC|PRD_MC=24.7; PRI|PVEM|NUEVA ALIANZA|PRI_PVEM_NA|PRI_PVEM|PRI_NA|PVEM_NA=22.2,CAND_IND_01=4.8; CAND_IND_02=3.1; MORENA|PT|ENCUENTRO SOCIAL|PT_MORENA_PES|PT_MORENA|MORENA_PES|PT_PES=41.4; PAN|PRD|MOVIMIENTO CIUDADANO|PAN_PRD_MC|PAN_PRD|PAN_MC|PRD_MC=24.7; PRI|PVEM|NUEVA ALIANZA|PRI_PVEM_NA|PRI_PVEM|PRI_NA|PVEM_NA=22.2
PRE_2018,duplicado,La Silla Rota,candidato,PRE_2018_en_t01_r032,PRE_2018_t01_r018,2018-04-28,2018-04-28,0.0,0.0,CAND_IND_01=5; CAND_IND_02=3; MORENA|PT|ENCUENTRO SOCIAL|PT_MORENA_PES|PT_MORENA|MORENA_PES|PT_PES=45; PAN|PRD|MOVIMIENTO CIUDADANO|PAN_PRD_MC|PAN_PRD|PAN_MC|PRD_MC=29; PRI|PVEM|NUEVA ALIANZA|PRI_PVEM_NA|PRI_PVEM|PRI_NA|PVEM_NA=18,CAND_IND_01=5; CAND_IND_02=3; MORENA|PT|ENCUENTRO SOCIAL|PT_MORENA_PES|PT_MORENA|MORENA_PES|PT_PES=45; PAN|PRD|MOVIMIENTO CIUDADANO|PAN_PRD_MC|PAN_PRD|PAN_MC|PRD_MC=29; PRI|PVEM|NUEVA ALIANZA|PRI_PVEM_NA|PRI_PVEM|PRI_NA|PVEM_NA=18
PRE_2018,duplicado,Reforma,candidato,PRE_2018_en_t01_r033,PRE_2018_t01_r017,2018-04-30,2018-04-30,0.0,0.0,CAND_IND_01=3; CAND_IND_02=2; MORENA|PT|ENCUENTRO SOCIAL|PT_MORENA_PES|PT_MORENA|MORENA_PES|PT_PES=48; PAN|PRD|MOVIMIENTO CIUDADANO|PAN_PRD_MC|PAN_PRD|PAN_MC|PRD_MC=30; PRI|PVEM|NUEVA ALIANZA|PRI_PVEM_NA|PRI_PVEM|PRI_NA|PVEM_NA=17,CAND_IND_01=3; CAND_IND_02=2; MORENA|PT|ENCUENTRO SOCIAL|PT_MORENA_PES|PT_MORENA|MORENA_PES|PT_PES=48; PAN|PRD|MOVIMIENTO CIUDADANO|PAN_PRD_MC|PAN_PRD|PAN_MC|PRD_MC=30; PRI|PVEM|NUEVA ALIANZA|PRI_PVEM_NA|PRI_PVEM|PRI_NA|PVEM_NA=17
PRE_2018,duplicado,El Financiero,candidato,PRE_2018_en_t01_r035,PRE_2018_t01_r028,2018-05-02,2018-05-02,0.0,0.0,CAND_IND_01=5; CAND_IND_02=3; MORENA|PT|ENCUENTRO SOCIAL|PT_MORENA_PES|PT_MORENA|MORENA_PES|PT_PES=46; PAN|PRD|MOVIMIENTO CIUDADANO|PAN_PRD_MC|PAN_PRD|PAN_MC|PRD_MC=26; PRI|PVEM|NUEVA ALIANZA|PRI_PVEM_NA|PRI_PVEM|PRI_NA|PVEM_NA=20,CAND_IND_01=5; CAND_IND_02=3; MORENA|PT|ENCUENTRO SOCIAL|PT_MORENA_PES|PT_MORENA|MORENA_PES|PT_PES=46; PAN|PRD|MOVIMIENTO CIUDADANO|PAN_PRD_MC|PAN_PRD|PAN_MC|PRD_MC=26; PRI|PVEM|NUEVA ALIANZA|PRI_PVEM_NA|PRI_PVEM|PRI_NA|PVEM_NA=20
PRE_2018,duplicado,Varela y Asociados,candidato,PRE_2018_en_t01_r034,PRE_2018_t01_r022,2018-05-04,2018-05-04,6.5,0.59,CAND_IND_01=1.7; CAND_IND_02=1.4; MORENA|PT|ENCUENTRO SOCIAL|PT_MORENA_PES|PT_MORENA|MORENA_PES|PT_PES=47.5; PAN|PRD|MOVIMIENTO CIUDADANO|PAN_PRD_MC|PAN_PRD|PAN_MC|PRD_MC=33.1; PRI|PVEM|NUEVA ALIANZA|PRI_PVEM_NA|PRI_PVEM|PRI_NA|PVEM_NA=16.2,CAND_IND_01=1; CAND_IND_02=1; MORENA|PT|ENCUENTRO SOCIAL|PT_MORENA_PES|PT_MORENA|MORENA_PES|PT_PES=41; PAN|PRD|MOVIMIENTO CIUDADANO|PAN_PRD_MC|PAN_PRD|PAN_MC|PRD_MC=29; PRI|PVEM|NUEVA ALIANZA|PRI_PVEM_NA|PRI_PVEM|PRI_NA|PVEM_NA=14
PRE_2018,duplicado,Ipsos,candidato,PRE_2018_en_t01_r036,PRE_2018_t01_r031,2018-05-15,2018-05-15,0.0,0.0,CAND_IND_02=2; MORENA|PT|ENCUENTRO SOCIAL|PT_MORENA_PES|PT_MORENA|MORENA_PES|PT_PES=43; PAN|PRD|MOVIMIENTO CIUDADANO|PAN_PRD_MC|PAN_PRD|PAN_MC|PRD_MC=24; PRI|PVEM|NUEVA ALIANZA|PRI_PVEM_NA|PRI_PVEM|PRI_NA|PVEM_NA=16,CAND_IND_01=1; CAND_IND_02=2; MORENA|PT|ENCUENTRO SOCIAL|PT_MORENA_PES|PT_MORENA|MORENA_PES|PT_PES=43; PAN|PRD|MOVIMIENTO CIUDADANO|PAN_PRD_MC|PAN_PRD|PAN_MC|PRD_MC=24; PRI|PVEM|NUEVA ALIANZA|PRI_PVEM_NA|PRI_PVEM|PRI_NA|PVEM_NA=16
PRE_2018,duplicado,SDP Noticias,candidato,PRE_2018_en_t01_r037,PRE_2018_t01_r032,2018-05-19,2018-05-19,0.0,0.0,CAND_IND_01=0.6; CAND_IND_02=3.3; MORENA|PT|ENCUENTRO SOCIAL|PT_MORENA_PES|PT_MORENA|MORENA_PES|PT_PES=42.4; PAN|PRD|MOVIMIENTO CIUDADANO|PAN_PRD_MC|PAN_PRD|PAN_MC|PRD_MC=25.8; PRI|PVEM|NUEVA ALIANZA|PRI_PVEM_NA|PRI_PVEM|PRI_NA|PVEM_NA=24.2,CAND_IND_01=0.6; CAND_IND_02=3.3; MORENA|PT|ENCUENTRO SOCIAL|PT_MORENA_PES|PT_MORENA|MORENA_PES|PT_PES=42.4; PAN|PRD|MOVIMIENTO CIUDADANO|PAN_PRD_MC|PAN_PRD|PAN_MC|PRD_MC=25.8; PRI|PVEM|NUEVA ALIANZA|PRI_PVEM_NA|PRI_PVEM|PRI_NA|PVEM_NA=24.2
PRE_2018,duplicado,Eje Central,candidato,PRE_2018_en_t01_r038,PRE_2018_t01_r033,2018-05-22,2018-05-22,0.0,0.0,CAND_IND_02=4; MORENA|PT|ENCUENTRO SOCIAL|PT_MORENA_PES|PT_MORENA|MORENA_PES|PT_PES=49; PAN|PRD|MOVIMIENTO CIUDADANO|PAN_PRD_MC|PAN_PRD|PAN_MC|PRD_MC=26; PRI|PVEM|NUEVA ALIANZA|PRI_PVEM_NA|PRI_PVEM|PRI_NA|PVEM_NA=21,CAND_IND_02=4; MORENA|PT|ENCUENTRO SOCIAL|PT_MORENA_PES|PT_MORENA|MORENA_PES|PT_PES=49; PAN|PRD|MOVIMIENTO CIUDADANO|PAN_PRD_MC|PAN_PRD|PAN_MC|PRD_MC=26; PRI|PVEM|NUEVA ALIANZA|PRI_PVEM_NA|PRI_PVEM|PRI_NA|PVEM_NA=21
PRE_2018,duplicado,Reforma,candidato,PRE_2018_en_t01_r039,PRE_2018_t01_r036,2018-05-27,2018-05-27,1.0,0.96,CAND_IND_02=4; MORENA|PT|ENCUENTRO SOCIAL|PT_MORENA_PES|PT_MORENA|MORENA_PES|PT_PES=52; PAN|PRD|MOVIMIENTO CIUDADANO|PAN_PRD_MC|PAN_PRD|PAN_MC|PRD_MC=26; PRI|PVEM|NUEVA ALIANZA|PRI_PVEM_NA|PRI_PVEM|PRI_NA|PVEM_NA=19,CAND_IND_02=3; MORENA|PT|ENCUENTRO SOCIAL|PT_MORENA_PES|PT_MORENA|MORENA_PES|PT_PES=52; PAN|PRD|MOVIMIENTO CIUDADANO|PAN_PRD_MC|PAN_PRD|PAN_MC|PRD_MC=26; PRI|PVEM|NUEVA ALIANZA|PRI_PVEM_NA|PRI_PVEM|PRI_NA|PVEM_NA=19
PRE_2018,duplicado,Parametría,candidato,PRE_2018_en_t01_r040,PRE_2018_t01_r038,2018-05-29,2018-05-29,9.0,0.8,CAND_IND_01=3; CAND_IND_02=2; MORENA|PT|ENCUENTRO SOCIAL|PT_MORENA_PES|PT_MORENA|MORENA_PES|PT_PES=54; PAN|PRD|MOVIMIENTO CIUDADANO|PAN_PRD_MC|PAN_PRD|PAN_MC|PRD_MC=24; PRI|PVEM|NUEVA ALIANZA|PRI_PVEM_NA|PRI_PVEM|PRI_NA|PVEM_NA=17,CAND_IND_01=3; CAND_IND_02=1; MORENA|PT|ENCUENTRO SOCIAL|PT_MORENA_PES|PT_MORENA|MORENA_PES|PT_PES=45; PAN|PRD|MOVIMIENTO CIUDADANO|PAN_PRD_MC|PAN_PRD|PAN_MC|PRD_MC=20; PRI|PVEM|NUEVA ALIANZA|PRI_PVEM_NA|PRI_PVEM|PRI_NA|PVEM_NA=14
PRE_2018,duplicado,BGC,candidato,PRE_2018_en_t01_r042,PRE_2018_t01_r044,2018-06-04,2018-06-04,0.0,0.0,CAND_IND_02=3; MORENA|PT|ENCUENTRO SOCIAL|PT_MORENA_PES|PT_MORENA|MORENA_PES|PT_PES=47; PAN|PRD|MOVIMIENTO CIUDADANO|PAN_PRD_MC|PAN_PRD|PAN_MC|PRD_MC=29; PRI|PVEM|NUEVA ALIANZA|PRI_PVEM_NA|PRI_PVEM|PRI_NA|PVEM_NA=21,CAND_IND_02=3; MORENA|PT|ENCUENTRO SOCIAL|PT_MORENA_PES|PT_MORENA|MORENA_PES|PT_PES=47; PAN|PRD|MOVIMIENTO CIUDADANO|PAN_PRD_MC|PAN_PRD|PAN_MC|PRD_MC=29; PRI|PVEM|NUEVA ALIANZA|PRI_PVEM_NA|PRI_PVEM|PRI_NA|PVEM_NA=21
PRE_2018,duplicado,Arias Consultores,candidato,PRE_2018_en_t01_r044,PRE_2018_t01_r049,2018-06-15,2018-06-15,0.0,0.0,CAND_IND_02=3.3; MORENA|PT|ENCUENTRO SOCIAL|PT_MORENA_PES|PT_MORENA|MORENA_PES|PT_PES=62; PAN|PRD|MOVIMIENTO CIUDADANO|PAN_PRD_MC|PAN_PRD|PAN_MC|PRD_MC=19.8; PRI|PVEM|NUEVA ALIANZA|PRI_PVEM_NA|PRI_PVEM|PRI_NA|PVEM_NA=13.7,CAND_IND_02=3.3; MORENA|PT|ENCUENTRO SOCIAL|PT_MORENA_PES|PT_MORENA|MORENA_PES|PT_PES=62; PAN|PRD|MOVIMIENTO CIUDADANO|PAN_PRD_MC|PAN_PRD|PAN_MC|PRD_MC=19.8; PRI|PVEM|NUEVA ALIANZA|PRI_PVEM_NA|PRI_PVEM|PRI_NA|PVEM_NA=13.7
PRE_2018,duplicado,El Financiero,candidato,PRE_2018_en_t01_r047,PRE_2018_t01_r061,2018-06-23,2018-06-23,0.0,0.0,CAND_IND_02=3; MORENA|PT|ENCUENTRO SOCIAL|PT_MORENA_PES|PT_MORENA|MORENA_PES|PT_PES=54; PAN|PRD|MOVIMIENTO CIUDADANO|PAN_PRD_MC|PAN_PRD|PAN_MC|PRD_MC=21; PRI|PVEM|NUEVA ALIANZA|PRI_PVEM_NA|PRI_PVEM|PRI_NA|PVEM_NA=22,CAND_IND_02=3; MORENA|PT|ENCUENTRO SOCIAL|PT_MORENA_PES|PT_MORENA|MORENA_PES|PT_PES=54; PAN|PRD|MOVIMIENTO CIUDADANO|PAN_PRD_MC|PAN_PRD|PAN_MC|PRD_MC=21; PRI|PVEM|NUEVA ALIANZA|PRI_PVEM_NA|PRI_PVEM|PRI_NA|PVEM_NA=22
PRE_2018,duplicado,Reforma,candidato,PRE_2018_en_t01_r045,PRE_2018_t01_r060,2018-06-24,2018-06-24,0.0,0.0,CAND_IND_02=3; MORENA|PT|ENCUENTRO SOCIAL|PT_MORENA_PES|PT_MORENA|MORENA_PES|PT_PES=51; PAN|PRD|MOVIMIENTO CIUDADANO|PAN_PRD_MC|PAN_PRD|PAN_MC|PRD_MC=27; PRI|PVEM|NUEVA ALIANZA|PRI_PVEM_NA|PRI_PVEM|PRI_NA|PVEM_NA=19,CAND_IND_02=3; MORENA|PT|ENCUENTRO SOCIAL|PT_MORENA_PES|PT_MORENA|MORENA_PES|PT_PES=51; PAN|PRD|MOVIMIENTO CIUDADANO|PAN_PRD_MC|PAN_PRD|PAN_MC|PRD_MC=27; PRI|PVEM|NUEVA ALIANZA|PRI_PVEM_NA|PRI_PVEM|PRI_NA|PVEM_NA=19
PRE_2018,duplicado,BGC,candidato,PRE_2018_en_t01_r046,PRE_2018_t01_r058,2018-06-25,2018-06-25,0.0,0.0,CAND_IND_02=4; MORENA|PT|ENCUENTRO SOCIAL|PT_MORENA_PES|PT_MORENA|MORENA_PES|PT_PES=49; PAN|PRD|MOVIMIENTO CIUDADANO|PAN_PRD_MC|PAN_PRD|PAN_MC|PRD_MC=26; PRI|PVEM|NUEVA ALIANZA|PRI_PVEM_NA|PRI_PVEM|PRI_NA|PVEM_NA=21,CAND_IND_02=4; MORENA|PT|ENCUENTRO SOCIAL|PT_MORENA_PES|PT_MORENA|MORENA_PES|PT_PES=49; PAN|PRD|MOVIMIENTO CIUDADANO|PAN_PRD_MC|PAN_PRD|PAN_MC|PRD_MC=26; PRI|PVEM|NUEVA ALIANZA|PRI_PVEM_NA|PRI_PVEM|PRI_NA|PVEM_NA=21
PRE_2018,solo_en,Consulta Mitofsky,partido,PRE_2018_en_t03_r004,,2016-05-31,,,,CAND_IND_01|CAND_IND_02=4.6; ENCUENTRO SOCIAL=0.9; MORENA=12.1; MOVIMIENTO CIUDADANO=1.9; NUEVA ALIANZA=0.7; PAN=18.6; PRD=8.7; PRI=22.3; PT=0.8; PVEM=1.2,
PRE_2018,solo_en,Arias Consultores,candidato,PRE_2018_en_t01_r005,,2018-01-25,,,,CAND_IND_01=6.5; CAND_IND_02=2.5; MORENA|PT|ENCUENTRO SOCIAL|PT_MORENA_PES|PT_MORENA|MORENA_PES|PT_PES=56.2; PAN|PRD|MOVIMIENTO CIUDADANO|PAN_PRD_MC|PAN_PRD|PAN_MC|PRD_MC=14.3; PRI|PVEM|NUEVA ALIANZA|PRI_PVEM_NA|PRI_PVEM|PRI_NA|PVEM_NA=16.3,
PRE_2018,solo_en,Parametría,coalicion,PRE_2018_en_t00_r008,,2018-01-31,,,,CAND_IND_01|CAND_IND_02=12; MORENA|PT|ENCUENTRO SOCIAL|PT_MORENA_PES|PT_MORENA|MORENA_PES|PT_PES=42; PAN|PRD|MOVIMIENTO CIUDADANO|PAN_PRD_MC|PAN_PRD|PAN_MC|PRD_MC=32; PRI|PVEM|NUEVA ALIANZA|PRI_PVEM_NA|PRI_PVEM|PRI_NA|PVEM_NA=26,
PRE_2018,solo_en,Arias Consultores,coalicion,PRE_2018_en_t00_r009,,2018-01-31,,,,CAND_IND_01|CAND_IND_02=6.5; MORENA|PT|ENCUENTRO SOCIAL|PT_MORENA_PES|PT_MORENA|MORENA_PES|PT_PES=50.1; PAN|PRD|MOVIMIENTO CIUDADANO|PAN_PRD_MC|PAN_PRD|PAN_MC|PRD_MC=18.1; PRI|PVEM|NUEVA ALIANZA|PRI_PVEM_NA|PRI_PVEM|PRI_NA|PVEM_NA=15.5,
PRE_2018,solo_en,Parametría,candidato,PRE_2018_en_t01_r001,,2018-01-31,,,,CAND_IND_01=10; CAND_IND_02=2; MORENA|PT|ENCUENTRO SOCIAL|PT_MORENA_PES|PT_MORENA|MORENA_PES|PT_PES=31; PAN|PRD|MOVIMIENTO CIUDADANO|PAN_PRD_MC|PAN_PRD|PAN_MC|PRD_MC=19; PRI|PVEM|NUEVA ALIANZA|PRI_PVEM_NA|PRI_PVEM|PRI_NA|PVEM_NA=20,
PRE_2018,solo_en,Focus Asesores,candidato,PRE_2018_en_t01_r004,,2018-01-31,,,,CAND_IND_01=5; CAND_IND_02=2; MORENA|PT|ENCUENTRO SOCIAL|PT_MORENA_PES|PT_MORENA|MORENA_PES|PT_PES=47; PAN|PRD|MOVIMIENTO CIUDADANO|PAN_PRD_MC|PAN_PRD|PAN_MC|PRD_MC=11; PRI|PVEM|NUEVA ALIANZA|PRI_PVEM_NA|PRI_PVEM|PRI_NA|PVEM_NA=11,
PRE_2018,solo_en,Parametría,partido,PRE_2018_en_t03_r024,,2018-01-31,,,,CAND_IND_01|CAND_IND_02=12; MORENA=30; PAN=24; PRD=5; PRI=25,
PRE_2018,solo_en,SDP Noticias,candidato,PRE_2018_en_t01_r010,,2018-02-06,,,,CAND_IND_01=7.2; CAND_IND_02=2.6; MORENA|PT|ENCUENTRO SOCIAL|PT_MORENA_PES|PT_MORENA|MORENA_PES|PT_PES=38.4; PAN|PRD|MOVIMIENTO CIUDADANO|PAN_PRD_MC|PAN_PRD|PAN_MC|PRD_MC=19.5; PRI|PVEM|NUEVA ALIANZA|PRI_PVEM_NA|PRI_PVEM|PRI_NA|PVEM_NA=25.7,
PRE_2018,solo_en,SDP Noticias,partido,PRE_2018_en_t03_r025,,2018-02-06,,,,CAND_IND_01|CAND_IND_02=11.2; ENCUENTRO SOCIAL=1.3; MORENA=36; MOVIMIENTO CIUDADANO=3.1; NUEVA ALIANZA=2.4; PAN=13.6; PRD=2.8; PRI=20.6; PT=1.1; PVEM=2.7,
PRE_2018,solo_en,Fox News,candidato,PRE_2018_en_t01_r015,,2018-02-11,,,,MORENA|PT|ENCUENTRO SOCIAL|PT_MORENA_PES|PT_MORENA|MORENA_PES|PT_PES=40; PAN|PRD|MOVIMIENTO CIUDADANO|PAN_PRD_MC|PAN_PRD|PAN_MC|PRD_MC=31; PRI|PVEM|NUEVA ALIANZA|PRI_PVEM_NA|PRI_PVEM|PRI_NA|PVEM_NA=20,
PRE_2018,solo_en,SABA,candidato,PRE_2018_en_t01_r013,,2018-02-12,,,,CAND_IND_01=8; CAND_IND_02=1.9; MORENA|PT|ENCUENTRO SOCIAL|PT_MORENA_PES|PT_MORENA|MORENA_PES|PT_PES=38.3; PAN|PRD|MOVIMIENTO CIUDADANO|PAN_PRD_MC|PAN_PRD|PAN_MC|PRD_MC=12.5; PRI|PVEM|NUEVA ALIANZA|PRI_PVEM_NA|PRI_PVEM|PRI_NA|PVEM_NA=10.3,
PRE_2018,solo_en,SABA,partido,PRE_2018_en_t03_r026,,2018-02-12,,,,CAND_IND_01|CAND_IND_02=8.4; MORENA=30.4; MOVIMIENTO CIUDADANO=1.6; NUEVA ALIANZA=0.1; PAN=9.9; PRD=1.7; PRI=9.4; PT=0.4; PVEM=0.8,
PRE_2018,solo_en,Bloomberg,candidato,PRE_2018_en_t01_r020,,2018-03-08,,,,CAND_IND_01=4; CAND_IND_02=1.6; MORENA|PT|ENCUENTRO SOCIAL|PT_MORENA_PES|PT_MORENA|MORENA_PES|PT_PES=42.2; PAN|PRD|MOVIMIENTO CIUDADANO|PAN_PRD_MC|PAN_PRD|PAN_MC|PRD_MC=27.4; PRI|PVEM|NUEVA ALIANZA|PRI_PVEM_NA|PRI_PVEM|PRI_NA|PVEM_NA=20.6,
PRE_2018,solo_en,Indemerc,candidato,PRE_2018_en_t01_r021,,2018-03-10,,,,CAND_IND_01=8.2; CAND_IND_02=2; MORENA|PT|ENCUENTRO SOCIAL|PT_MORENA_PES|PT_MORENA|MORENA_PES|PT_PES=44.1; PAN|PRD|MOVIMIENTO CIUDADANO|PAN_PRD_MC|PAN_PRD|PAN_MC|PRD_MC=15.1; PRI|PVEM|NUEVA ALIANZA|PRI_PVEM_NA|PRI_PVEM|PRI_NA|PVEM_NA=10.9,
PRE_2018,solo_en,Arias Consultores,candidato,PRE_2018_en_t01_r023,,2018-03-23,,,,CAND_IND_01=6.2; MORENA|PT|ENCUENTRO SOCIAL|PT_MORENA_PES|PT_MORENA|MORENA_PES|PT_PES=47.8; PAN|PRD|MOVIMIENTO CIUDADANO|PAN_PRD_MC|PAN_PRD|PAN_MC|PRD_MC=14.6; PRI|PVEM|NUEVA ALIANZA|PRI_PVEM_NA|PRI_PVEM|PRI_NA|PVEM_NA=18.1,
PRE_2018,solo_en,Parametría,partido,PRE_2018_en_t03_r027,,2018-03-28,,,,CAND_IND_01|CAND_IND_02=6; ENCUENTRO SOCIAL=1; MORENA=29; MOVIMIENTO CIUDADANO=3; NUEVA ALIANZA=3; PAN=15; PRD=5; PRI=15; PT=3; PVEM=2,
PRE_2018,solo_en,El País,candidato,PRE_2018_en_t01_r018,,2018-03-31,,,,CAND_IND_01=5.7; CAND_IND_02=2.6; MORENA|PT|ENCUENTRO SOCIAL|PT_MORENA_PES|PT_MORENA|MORENA_PES|PT_PES=37.8; PAN|PRD|MOVIMIENTO CIUDADANO|PAN_PRD_MC|PAN_PRD|PAN_MC|PRD_MC=29.2; PRI|PVEM|NUEVA ALIANZA|PRI_PVEM_NA|PRI_PVEM|PRI_NA|PVEM_NA=23.8,
PRE_2018,solo_en,Berumen y Asociados,candidato,PRE_2018_en_t01_r026,,2018-04-05,,,,CAND_IND_01=5; MORENA|PT|ENCUENTRO SOCIAL|PT_MORENA_PES|PT_MORENA|MORENA_PES|PT_PES=42; PAN|PRD|MOVIMIENTO CIUDADANO|PAN_PRD_MC|PAN_PRD|PAN_MC|PRD_MC=31.1; PRI|PVEM|NUEVA ALIANZA|PRI_PVEM_NA|PRI_PVEM|PRI_NA|PVEM_NA=21.9,
PRE_2018,solo_en,Bloomberg,candidato,PRE_2018_en_t01_r029,,2018-04-15,,,,CAND_IND_01=5.1; MORENA|PT|ENCUENTRO SOCIAL|PT_MORENA_PES|PT_MORENA|MORENA_PES|PT_PES=47.8; PAN|PRD|MOVIMIENTO CIUDADANO|PAN_PRD_MC|PAN_PRD|PAN_MC|PRD_MC=26.6; PRI|PVEM|NUEVA ALIANZA|PRI_PVEM_NA|PRI_PVEM|PRI_NA|PVEM_NA=17.9,
PRE_2018,solo_en,Revista 32,coalicion,PRE_2018_en_t00_r014,,2018-04-25,,,,CAND_IND_01|CAND_IND_02=4.1; MORENA|PT|ENCUENTRO SOCIAL|PT_MORENA_PES|PT_MORENA|MORENA_PES|PT_PES=46.9; PAN|PRD|MOVIMIENTO CIUDADANO|PAN_PRD_MC|PAN_PRD|PAN_MC|PRD_MC=18.1; PRI|PVEM|NUEVA ALIANZA|PRI_PVEM_NA|PRI_PVEM|PRI_NA|PVEM_NA=13.6,
PRE_2018,solo_en,Varela y Asociados,candidato,PRE_2018_en_t01_r041,,2018-06-04,,,,CAND_IND_02=2.2; MORENA|PT|ENCUENTRO SOCIAL|PT_MORENA_PES|PT_MORENA|MORENA_PES|PT_PES=50.6; PAN|PRD|MOVIMIENTO CIUDADANO|PAN_PRD_MC|PAN_PRD|PAN_MC|PRD_MC=29.5; PRI|PVEM|NUEVA ALIANZA|PRI_PVEM_NA|PRI_PVEM|PRI_NA|PVEM_NA=17.6,
PRE_2024,conflicto,Enkoll,candidato,PRE_2024_en_t03_r013,PRE_2024_t01_r040,2023-09-13,2023-09-13,12.0,13.58,MC=6; MORENA|PT|PVEM|PT_MORENA|PVEM_MORENA|PVEM_PT|PVEM_PT_MORENA=55; PAN|PRI|PRD|PAN_PRD|PAN_PRI|PAN_PRI_PRD|PRI_PRD=22,MC=18; MORENA|PT|PVEM|PT_MORENA|PVEM_MORENA|PVEM_PT|PVEM_PT_MORENA=49; PAN|PRI|PRD|PAN_PRD|PAN_PRI|PAN_PRI_PRD|PRI_PRD=26
PRE_2024,conflicto,Oraculus,candidato,PRE_2024_en_t00_r003,PRE_2024_t04_r003,2024-05-31,2024-05-31,3.0,3.0,MC=11; MORENA|PT|PVEM|PT_MORENA|PVEM_MORENA|PVEM_PT|PVEM_PT_MORENA=53; PAN|PRI|PRD|PAN_PRD|PAN_PRI|PAN_PRI_PRD|PRI_PRD=36,MC=10; MORENA|PT|PVEM|PT_MORENA|PVEM_MORENA|PVEM_PT|PVEM_PT_MORENA=56; PAN|PRI|PRD|PAN_PRD|PAN_PRI|PAN_PRI_PRD|PRI_PRD=34
PRE_2024,duplicado,Covarrubias y Asociados,candidato,PRE_2024_en_t03_r010,PRE_2024_t01_r038,2023-09-25,2023-09-25,0.0,0.0,MC=6; MORENA|PT|PVEM|PT_MORENA|PVEM_MORENA|PVEM_PT|PVEM_PT_MORENA=64; PAN|PRI|PRD|PAN_PRD|PAN_PRI|PAN_PRI_PRD|PRI_PRD=17,MC=6; MORENA|PT|PVEM|PT_MORENA|PVEM_MORENA|PVEM_PT|PVEM_PT_MORENA=64; PAN|PRI|PRD|PAN_PRD|PAN_PRI|PAN_PRI_PRD|PRI_PRD=17
PRE_2024,duplicado,Demotecnia,candidato,PRE_2024_en_t03_r011,PRE_2024_t01_r039,2023-09-25,2023-09-20,0.0,0.0,MC=4; MORENA|PT|PVEM|PT_MORENA|PVEM_MORENA|PVEM_PT|PVEM_PT_MORENA=68; PAN|PRI|PRD|PAN_PRD|PAN_PRI|PAN_PRI_PRD|PRI_PRD=14,MC=4; MORENA|PT|PVEM|PT_MORENA|PVEM_MORENA|PVEM_PT|PVEM_PT_MORENA=68; PAN|PRI|PRD|PAN_PRD|PAN_PRI|PAN_PRI_PRD|PRI_PRD=14
PRE_2024,duplicado,Demotecnia,candidato,PRE_2024_en_t03_r005,PRE_2024_t01_r022,2023-11-13,2023-11-13,0.0,0.0,MC=6; MORENA|PT|PVEM|PT_MORENA|PVEM_MORENA|PVEM_PT|PVEM_PT_MORENA=66; PAN|PRI|PRD|PAN_PRD|PAN_PRI|PAN_PRI_PRD|PRI_PRD=14,MC=6; MORENA|PT|PVEM|PT_MORENA|PVEM_MORENA|PVEM_PT|PVEM_PT_MORENA=66; PAN|PRI|PRD|PAN_PRD|PAN_PRI|PAN_PRI_PRD|PRI_PRD=14
PRE_2024,duplicado,El Financiero,candidato,PRE_2024_en_t02_r030,PRE_2024_t01_r015,2023-11-25,2023-11-25,0.0,0.0,MC=7; MORENA|PT|PVEM|PT_MORENA|PVEM_MORENA|PVEM_PT|PVEM_PT_MORENA=50; PAN|PRI|PRD|PAN_PRD|PAN_PRI|PAN_PRI_PRD|PRI_PRD=31,MC=7; MORENA|PT|PVEM|PT_MORENA|PVEM_MORENA|PVEM_PT|PVEM_PT_MORENA=50; PAN|PRI|PRD|PAN_PRD|PAN_PRI|PAN_PRI_PRD|PRI_PRD=31
PRE_2024,duplicado,Enkoll,candidato,PRE_2024_en_t02_r028,PRE_2024_t01_r014,2023-11-28,2023-11-28,0.0,0.0,MC=17; MORENA|PT|PVEM|PT_MORENA|PVEM_MORENA|PVEM_PT|PVEM_PT_MORENA=49; PAN|PRI|PRD|PAN_PRD|PAN_PRI|PAN_PRI_PRD|PRI_PRD=23,MC=17; MORENA|PT|PVEM|PT_MORENA|PVEM_MORENA|PVEM_PT|PVEM_PT_MORENA=49; PAN|PRI|PRD|PAN_PRD|PAN_PRI|PAN_PRI_PRD|PRI_PRD=23
PRE_2024,duplicado,Reforma,candidato,PRE_2024_en_t02_r029,PRE_2024_t07_r006,2023-11-28,2023-11-28,0.0,0.0,MC=14; MORENA|PT|PVEM|PT_MORENA|PVEM_MORENA|PVEM_PT|PVEM_PT_MORENA=46; PAN|PRI|PRD|PAN_PRD|PAN_PRI|PAN_PRI_PRD|PRI_PRD=25,MC=14; MORENA|PT|PVEM|PT_MORENA|PVEM_MORENA|PVEM_PT|PVEM_PT_MORENA=46; PAN|PRI|PRD|PAN_PRD|PAN_PRI|PAN_PRI_PRD|PRI_PRD=25
PRE_2024,duplicado,Demotecnia,candidato,PRE_2024_en_t02_r025,PRE_2024_t01_r010,2023-12-05,2023-12-05,0.0,0.0,MC=6; MORENA|PT|PVEM|PT_MORENA|PVEM_MORENA|PVEM_PT|PVEM_PT_MORENA=65; PAN|PRI|PRD|PAN_PRD|PAN_PRI|PAN_PRI_PRD|PRI_PRD=13,MC=6; MORENA|PT|PVEM|PT_MORENA|PVEM_MORENA|PVEM_PT|PVEM_PT_MORENA=65; PAN|PRI|PRD|PAN_PRD|PAN_PRI|PAN_PRI_PRD|PRI_PRD=13
PRE_2024,duplicado,Campaigns & Elections,candidato,PRE_2024_en_t02_r026,PRE_2024_t01_r009,2023-12-05,2023-12-05,0.5,0.13,MC=7; MORENA|PT|PVEM|PT_MORENA|PVEM_MORENA|PVEM_PT|PVEM_PT_MORENA=55; PAN|PRI|PRD|PAN_PRD|PAN_PRI|PAN_PRI_PRD|PRI_PRD=36,MC=7; MORENA|PT|PVEM|PT_MORENA|PVEM_MORENA|PVEM_PT|PVEM_PT_MORENA=55.5; PAN|PRI|PRD|PAN_PRD|PAN_PRI|PAN_PRI_PRD|PRI_PRD=36.5
PRE_2024,duplicado,Consulta Mitofsky,candidato,PRE_2024_en_t02_r024,PRE_2024_t01_r007,2023-12-10,2023-12-10,0.0,0.0,MC=6.3; MORENA|PT|PVEM|PT_MORENA|PVEM_MORENA|PVEM_PT|PVEM_PT_MORENA=50.2; PAN|PRI|PRD|PAN_PRD|PAN_PRI|PAN_PRI_PRD|PRI_PRD=25.3,MC=6.3; MORENA|PT|PVEM|PT_MORENA|PVEM_MORENA|PVEM_PT|PVEM_PT_MORENA=50.2; PAN|PRI|PRD|PAN_PRD|PAN_PRI|PAN_PRI_PRD|PRI_PRD=25.3
PRE_2024,duplicado,Rubrum,candidato,PRE_2024_en_t02_r018,PRE_2024_t00_r045,2024-01-13,2024-01-13,0.0,0.0,MC=4.5; MORENA|PT|PVEM|PT_MORENA|PVEM_MORENA|PVEM_PT|PVEM_PT_MORENA=53.5; PAN|PRI|PRD|PAN_PRD|PAN_PRI|PAN_PRI_PRD|PRI_PRD=28.9,MC=4.5; MORENA|PT|PVEM|PT_MORENA|PVEM_MORENA|PVEM_PT|PVEM_PT_MORENA=53.5; PAN|PRI|PRD|PAN_PRD|PAN_PRI|PAN_PRI_PRD|PRI_PRD=28.9
PRE_2024,duplicado,TResearch,candidato,PRE_2024_en_t02_r017,PRE_2024_t00_r043,2024-01-14,2024-01-14,0.6,0.27,MC=5; MORENA|PT|PVEM|PT_MORENA|PVEM_MORENA|PVEM_PT|PVEM_PT_MORENA=52; PAN|PRI|PRD|PAN_PRD|PAN_PRI|PAN_PRI_PRD|PRI_PRD=27.1,MC=5; MORENA|PT|PVEM|PT_MORENA|PVEM_MORENA|PVEM_PT|PVEM_PT_MORENA=52.6; PAN|PRI|PRD|PAN_PRD|PAN_PRI|PAN_PRI_PRD|PRI_PRD=27.1
PRE_2024,duplicado,Demotecnia,candidato,PRE_2024_en_t02_r019,PRE_2024_t00_r044,2024-01-14,2024-01-14,0.0,0.0,MC=2; MORENA|PT|PVEM|PT_MORENA|PVEM_MORENA|PVEM_PT|PVEM_PT_MORENA=66; PAN|PRI|PRD|PAN_PRD|PAN_PRI|PAN_PRI_PRD|PRI_PRD=14,MC=2; MORENA|PT|PVEM|PT_MORENA|PVEM_MORENA|PVEM_PT|PVEM_PT_MORENA=66; PAN|PRI|PRD|PAN_PRD|PAN_PRI|PAN_PRI_PRD|PRI_PRD=14
PRE_2024,duplicado,MEBA,candidato,PRE_2024_en_t02_r016,PRE_2024_t00_r042,2024-01-15,2024-01-15,9.0,0.43,MC=5.3; MORENA|PT|PVEM|PT_MORENA|PVEM_MORENA|PVEM_PT|PVEM_PT_MORENA=68.1; PAN|PRI|PRD|PAN_PRD|PAN_PRI|PAN_PRI_PRD|PRI_PRD=26.6,MC=5; MORENA|PT|PVEM|PT_MORENA|PVEM_MORENA|PVEM_PT|PVEM_PT_MORENA=59.1; PAN|PRI|PRD|PAN_PRD|PAN_PRI|PAN_PRI_PRD|PRI_PRD=23.1
PRE_2024,duplicado,Enkoll,candidato,PRE_2024_en_t02_r015,PRE_2024_t00_r039,2024-01-22,2024-01-22,0.0,0.0,MC=3; MORENA|PT|PVEM|PT_MORENA|PVEM_MORENA|PVEM_PT|PVEM_PT_MORENA=54; PAN|PRI|PRD|PAN_PRD|PAN_PRI|PAN_PRI_PRD|PRI_PRD=27,MC=3; MORENA|PT|PVEM|PT_MORENA|PVEM_MORENA|PVEM_PT|PVEM_PT_MORENA=54; PAN|PRI|PRD|PAN_PRD|PAN_PRI|PAN_PRI_PRD|PRI_PRD=27
PRE_2024,duplicado,LaEncuesta.mx,candidato,PRE_2024_en_t02_r013,PRE_2024_t06_r013,2024-02-05,2024-02-19,1.0,0.92,MC=4.2; MORENA|PT|PVEM|PT_MORENA|PVEM_MORENA|PVEM_PT|PVEM_PT_MORENA=50.8; PAN|PRI|PRD|PAN_PRD|PAN_PRI|PAN_PRI_PRD|PRI_PRD=39.9,MC=3.9; MORENA|PT|PVEM|PT_MORENA|PVEM_MORENA|PVEM_PT|PVEM_PT_MORENA=50.4; PAN|PRI|PRD|PAN_PRD|PAN_PRI|PAN_PRI_PRD|PRI_PRD=40.9
PRE_2024,duplicado,Áltica Research,candidato,PRE_2024_en_t02_r012,PRE_2024_t06_r014,2024-02-14,2024-02-14,0.0,0.0,MC=4; MORENA|PT|PVEM|PT_MORENA|PVEM_MORENA|PVEM_PT|PVEM_PT_MORENA=51; PAN|PRI|PRD|PAN_PRD|PAN_PRI|PAN_PRI_PRD|PRI_PRD=35,MC=4; MORENA|PT|PVEM|PT_MORENA|PVEM_MORENA|PVEM_PT|PVEM_PT_MORENA=51; PAN|PRI|PRD|PAN_PRD|PAN_PRI|PAN_PRI_PRD|PRI_PRD=35
PRE_2024,duplicado,LaEncuesta.mx,candidato,PRE_2024_en_t02_r009,PRE_2024_t06_r013,2024-02-19,2024-02-19,0.0,0.0,MC=3.9; MORENA|PT|PVEM|PT_MORENA|PVEM_MORENA|PVEM_PT|PVEM_PT_MORENA=50.4; PAN|PRI|PRD|PAN_PRD|PAN_PRI|PAN_PRI_PRD|PRI_PRD=40.9,MC=3.9; MORENA|PT|PVEM|PT_MORENA|PVEM_MORENA|PVEM_PT|PVEM_PT_MORENA=50.4; PAN|PRI|PRD|PAN_PRD|PAN_PRI|PAN_PRI_PRD|PRI_PRD=40.9
PRE_2024,duplicado,Demotecnia,candidato,PRE_2024_en_t02_r010,PRE_2024_t00_r031,2024-02-19,2024-02-19,0.0,0.0,MC=2; MORENA|PT|PVEM|PT_MORENA|PVEM_MORENA|PVEM_PT|PVEM_PT_MORENA=67; PAN|PRI|PRD|PAN_PRD|PAN_PRI|PAN_PRI_PRD|PRI_PRD=15,MC=2; MORENA|PT|PVEM|PT_MORENA|PVEM_MORENA|PVEM_PT|PVEM_PT_MORENA=67; PAN|PRI|PRD|PAN_PRD|PAN_PRI|PAN_PRI_PRD|PRI_PRD=15
PRE_2024,duplicado,Consulta Mitofsky,candidato,PRE_2024_en_t02_r007,PRE_2024_t00_r030,2024-02-20,2024-02-20,0.0,0.0,MC=5.1; MORENA|PT|PVEM|PT_MORENA|PVEM_MORENA|PVEM_PT|PVEM_PT_MORENA=51.6; PAN|PRI|PRD|PAN_PRD|PAN_PRI|PAN_PRI_PRD|PRI_PRD=27.8,MC=5.1; MORENA|PT|PVEM|PT_MORENA|PVEM_MORENA|PVEM_PT|PVEM_PT_MORENA=51.6; PAN|PRI|PRD|PAN_PRD|PAN_PRI|PAN_PRI_PRD|PRI_PRD=27.8
PRE_2024,duplicado,Metrics MX,candidato,PRE_2024_en_t02_r003,PRE_2024_t06_r012,2024-02-28,2024-02-28,0.0,0.0,MC=4.4; MORENA|PT|PVEM|PT_MORENA|PVEM_MORENA|PVEM_PT|PVEM_PT_MORENA=61; PAN|PRI|PRD|PAN_PRD|PAN_PRI|PAN_PRI_PRD|PRI_PRD=20,MC=4.4; MORENA|PT|PVEM|PT_MORENA|PVEM_MORENA|PVEM_PT|PVEM_PT_MORENA=61; PAN|PRI|PRD|PAN_PRD|PAN_PRI|PAN_PRI_PRD|PRI_PRD=20
PRE_2024,duplicado,LaEncuesta.mx,candidato,PRE_2024_en_t01_r038,PRE_2024_t06_r010,2024-03-14,2024-03-14,0.0,0.0,MC=5; MORENA|PT|PVEM|PT_MORENA|PVEM_MORENA|PVEM_PT|PVEM_PT_MORENA=49.4; PAN|PRI|PRD|PAN_PRD|PAN_PRI|PAN_PRI_PRD|PRI_PRD=41.6,MC=5; MORENA|PT|PVEM|PT_MORENA|PVEM_MORENA|PVEM_PT|PVEM_PT_MORENA=49.4; PAN|PRI|PRD|PAN_PRD|PAN_PRI|PAN_PRI_PRD|PRI_PRD=41.6
PRE_2024,duplicado,Áltica Research,candidato,PRE_2024_en_t01_r039,PRE_2024_t06_r011,2024-03-14,2024-03-14,0.0,0.0,MC=6; MORENA|PT|PVEM|PT_MORENA|PVEM_MORENA|PVEM_PT|PVEM_PT_MORENA=51; PAN|PRI|PRD|PAN_PRD|PAN_PRI|PAN_PRI_PRD|PRI_PRD=37,MC=6; MORENA|PT|PVEM|PT_MORENA|PVEM_MORENA|PVEM_PT|PVEM_PT_MORENA=51; PAN|PRI|PRD|PAN_PRD|PAN_PRI|PAN_PRI_PRD|PRI_PRD=37
PRE_2024,duplicado,Demotecnia,candidato,PRE_2024_en_t01_r036,PRE_2024_t00_r023,2024-03-17,2024-03-17,0.0,0.0,MC=2; MORENA|PT|PVEM|PT_MORENA|PVEM_MORENA|PVEM_PT|PVEM_PT_MORENA=63; PAN|PRI|PRD|PAN_PRD|PAN_PRI|PAN_PRI_PRD|PRI_PRD=15,MC=2; MORENA|PT|PVEM|PT_MORENA|PVEM_MORENA|PVEM_PT|PVEM_PT_MORENA=63; PAN|PRI|PRD|PAN_PRD|PAN_PRI|PAN_PRI_PRD|PRI_PRD=15
PRE_2024,duplicado,Metrics MX,candidato,PRE_2024_en_t01_r034,PRE_2024_t06_r008,2024-03-25,2024-03-25,0.0,0.0,MC=4.4; MORENA|PT|PVEM|PT_MORENA|PVEM_MORENA|PVEM_PT|PVEM_PT_MORENA=57.1; PAN|PRI|PRD|PAN_PRD|PAN_PRI|PAN_PRI_PRD|PRI_PRD=23.7,MC=4.4; MORENA|PT|PVEM|PT_MORENA|PVEM_MORENA|PVEM_PT|PVEM_PT_MORENA=57.1; PAN|PRI|PRD|PAN_PRD|PAN_PRI|PAN_PRI_PRD|PRI_PRD=23.7
PRE_2024,duplicado,Consulta Mitofsky,candidato,PRE_2024_en_t01_r029,PRE_2024_t00_r016,2024-04-13,2024-04-13,0.0,0.0,MC=9.3; MORENA|PT|PVEM|PT_MORENA|PVEM_MORENA|PVEM_PT|PVEM_PT_MORENA=51.4; PAN|PRI|PRD|PAN_PRD|PAN_PRI|PAN_PRI_PRD|PRI_PRD=26.7,MC=9.3; MORENA|PT|PVEM|PT_MORENA|PVEM_MORENA|PVEM_PT|PVEM_PT_MORENA=51.4; PAN|PRI|PRD|PAN_PRD|PAN_PRI|PAN_PRI_PRD|PRI_PRD=26.7
PRE_2024,duplicado,Enkoll,candidato,PRE_2024_en_t01_r028,PRE_2024_t00_r017,2024-04-14,2024-04-14,0.0,0.0,MC=7; MORENA|PT|PVEM|PT_MORENA|PVEM_MORENA|PVEM_PT|PVEM_PT_MORENA=54; PAN|PRI|PRD|PAN_PRD|PAN_PRI|PAN_PRI_PRD|PRI_PRD=30,MC=7; MORENA|PT|PVEM|PT_MORENA|PVEM_MORENA|PVEM_PT|PVEM_PT_MORENA=54; PAN|PRI|PRD|PAN_PRD|PAN_PRI|PAN_PRI_PRD|PRI_PRD=30
PRE_2024,duplicado,Metrics MX,candidato,PRE_2024_en_t01_r019,PRE_2024_t06_r006,2024-04-26,2024-04-26,0.0,0.0,MC=12.8; MORENA|PT|PVEM|PT_MORENA|PVEM_MORENA|PVEM_PT|PVEM_PT_MORENA=54.4; PAN|PRI|PRD|PAN_PRD|PAN_PRI|PAN_PRI_PRD|PRI_PRD=21.3,MC=12.8; MORENA|PT|PVEM|PT_MORENA|PVEM_MORENA|PVEM_PT|PVEM_PT_MORENA=54.4; PAN|PRI|PRD|PAN_PRD|PAN_PRI|PAN_PRI_PRD|PRI_PRD=21.3
PRE_2024,duplicado,Consulta Mitofsky,candidato,PRE_2024_en_t01_r012,PRE_2024_t00_r009,2024-05-06,2024-05-06,0.0,0.0,MC=10.3; MORENA|PT|PVEM|PT_MORENA|PVEM_MORENA|PVEM_PT|PVEM_PT_MORENA=48.9; PAN|PRI|PRD|PAN_PRD|PAN_PRI|PAN_PRI_PRD|PRI_PRD=28.1,MC=10.3; MORENA|PT|PVEM|PT_MORENA|PVEM_MORENA|PVEM_PT|PVEM_PT_MORENA=48.9; PAN|PRI|PRD|PAN_PRD|PAN_PRI|PAN_PRI_PRD|PRI_PRD=28.1
PRE_2024,duplicado,Consulta Mitofsky,candidato,PRE_2024_en_t01_r008,PRE_2024_t00_r005,2024-05-24,2024-05-24,7.0,0.21,MC=10.4; MORENA|PT|PVEM|PT_MORENA|PVEM_MORENA|PVEM_PT|PVEM_PT_MORENA=50; PAN|PRI|PRD|PAN_PRD|PAN_PRI|PAN_PRI_PRD|PRI_PRD=27.4,MC=12; MORENA|PT|PVEM|PT_MORENA|PVEM_MORENA|PVEM_PT|PVEM_PT_MORENA=57; PAN|PRI|PRD|PAN_PRD|PAN_PRI|PAN_PRI_PRD|PRI_PRD=31
PRE_2024,duplicado,Áltica Research,candidato,PRE_2024_en_t01_r004,PRE_2024_t00_r004,2024-05-28,2024-05-28,0.6,0.17,MC=9.7; MORENA|PT|PVEM|PT_MORENA|PVEM_MORENA|PVEM_PT|PVEM_PT_MORENA=50.4; PAN|PRI|PRD|PAN_PRD|PAN_PRI|PAN_PRI_PRD|PRI_PRD=38.6,MC=10; MORENA|PT|PVEM|PT_MORENA|PVEM_MORENA|PVEM_PT|PVEM_PT_MORENA=51; PAN|PRI|PRD|PAN_PRD|PAN_PRI|PAN_PRI_PRD|PRI_PRD=39
PRE_2024,solo_en,CELAG,coalicion,PRE_2024_en_t05_r003,,2023-08-18,,,,MC=10.5; MORENA|PT|PVEM|PT_MORENA|PVEM_MORENA|PVEM_PT|PVEM_PT_MORENA=45.4; PAN|PRI|PRD|PAN_PRD|PAN_PRI|PAN_PRI_PRD|PRI_PRD=18.2,
PRE_2024,solo_en,GEA-ISA,candidato,PRE_2024_en_t03_r012,,2023-09-21,,,,MC=7; MORENA|PT|PVEM|PT_MORENA|PVEM_MORENA|PVEM_PT|PVEM_PT_MORENA=53; PAN|PRI|PRD|PAN_PRD|PAN_PRI|PAN_PRI_PRD|PRI_PRD=34,
PRE_2024,solo_en,El Universal,candidato,PRE_2024_en_t03_r009,,2023-10-04,,,,MC=7; MORENA|PT|PVEM|PT_MORENA|PVEM_MORENA|PVEM_PT|PVEM_PT_MORENA=50; PAN|PRI|PRD|PAN_PRD|PAN_PRI|PAN_PRI_PRD|PRI_PRD=20,
PRE_2024,solo_en,MEBA,candidato,PRE_2024_en_t03_r008,,2023-10-16,,,,MC=9.7; MORENA|PT|PVEM|PT_MORENA|PVEM_MORENA|PVEM_PT|PVEM_PT_MORENA=60.8; PAN|PRI|PRD|PAN_PRD|PAN_PRI|PAN_PRI_PRD|PRI_PRD=26.7,
PRE_2024,solo_en,Enkoll,candidato,PRE_2024_en_t03_r007,,2023-10-24,,,,MC=15; MORENA|PT|PVEM|PT_MORENA|PVEM_MORENA|PVEM_PT|PVEM_PT_MORENA=50; PAN|PRI|PRD|PAN_PRD|PAN_PRI|PAN_PRI_PRD|PRI_PRD=27,
PRE_2024,solo_en,El Financiero,candidato,PRE_2024_en_t03_r006,,2023-10-28,,,,MC=8; MORENA|PT|PVEM|PT_MORENA|PVEM_MORENA|PVEM_PT|PVEM_PT_MORENA=46; PAN|PRI|PRD|PAN_PRD|PAN_PRI|PAN_PRI_PRD|PRI_PRD=28,
PRE_2024,solo_en,Áltica Research,candidato,PRE_2024_en_t02_r023,,2023-12-15,,,,MC=6; MORENA|PT|PVEM|PT_MORENA|PVEM_MORENA|PVEM_PT|PVEM_PT_MORENA=48; PAN|PRI|PRD|PAN_PRD|PAN_PRI|PAN_PRI_PRD|PRI_PRD=36,
PRE_2024,solo_en,Campaigns & Elections,candidato,PRE_2024_en_t02_r022,,2023-12-18,,,,MC=9; MORENA|PT|PVEM|PT_MORENA|PVEM_MORENA|PVEM_PT|PVEM_PT_MORENA=58; PAN|PRI|PRD|PAN_PRD|PAN_PRI|PAN_PRI_PRD|PRI_PRD=33,
PRE_2024,solo_en,Campaigns & Elections,coalicion,PRE_2024_en_t05_r002,,2023-12-18,,,,MC=7; MORENA|PT|PVEM|PT_MORENA|PVEM_MORENA|PVEM_PT|PVEM_PT_MORENA=59; PAN|PRI|PRD|PAN_PRD|PAN_PRI|PAN_PRI_PRD|PRI_PRD=34,
PRE_2024,solo_en,Áltica Research,candidato,PRE_2024_en_t02_r014,,2024-01-30,,,,MC=5; MORENA|PT|PVEM|PT_MORENA|PVEM_MORENA|PVEM_PT|PVEM_PT_MORENA=50; PAN|PRI|PRD|PAN_PRD|PAN_PRI|PAN_PRI_PRD|PRI_PRD=35,
PRE_2024,solo_en,El Financiero,candidato,PRE_2024_en_t02_r005,,2024-02-25,,,,MC=8; MORENA|PT|PVEM|PT_MORENA|PVEM_MORENA|PVEM_PT|PVEM_PT_MORENA=50; PAN|PRI|PRD|PAN_PRD|PAN_PRI|PAN_PRI_PRD|PRI_PRD=33,
PRE_2024,solo_en,Enkoll,candidato,PRE_2024_en_t02_r004,,2024-02-28,,,,MC=3; MORENA|PT|PVEM|PT_MORENA|PVEM_MORENA|PVEM_PT|PVEM_PT_MORENA=53; PAN|PRI|PRD|PAN_PRD|PAN_PRI|PAN_PRI_PRD|PRI_PRD=29,
PRE_2024,solo_en,Consulta Mitofsky,candidato,PRE_2024_en_t01_r037,,2024-03-17,,,,MC=4.8; MORENA|PT|PVEM|PT_MORENA|PVEM_MORENA|PVEM_PT|PVEM_PT_MORENA=50.5; PAN|PRI|PRD|PAN_PRD|PAN_PRI|PAN_PRI_PRD|PRI_PRD=28.8,
PRE_2024,solo_en,MEBA,candidato,PRE_2024_en_t01_r035,,2024-03-24,,,,MC=6; MORENA|PT|PVEM|PT_MORENA|PVEM_MORENA|PVEM_PT|PVEM_PT_MORENA=53.5; PAN|PRI|PRD|PAN_PRD|PAN_PRI|PAN_PRI_PRD|PRI_PRD=28.9,
PRE_2024,solo_en,Áltica Research,candidato,PRE_2024_en_t01_r033,,2024-03-31,,,,MC=6; MORENA|PT|PVEM|PT_MORENA|PVEM_MORENA|PVEM_PT|PVEM_PT_MORENA=50; PAN|PRI|PRD|PAN_PRD|PAN_PRI|PAN_PRI_PRD|PRI_PRD=38,
PRE_2024,solo_en,El Financiero,candidato,PRE_2024_en_t01_r032,,2024-04-01,,,,MC=7; MORENA|PT|PVEM|PT_MORENA|PVEM_MORENA|PVEM_PT|PVEM_PT_MORENA=51; PAN|PRI|PRD|PAN_PRD|PAN_PRI|PAN_PRI_PRD|PRI_PRD=34,
PRE_2024,solo_en,LaEncuesta.mx,candidato,PRE_2024_en_t01_r031,,2024-04-05,,,,MC=4.6; MORENA|PT|PVEM|PT_MORENA|PVEM_MORENA|PVEM_PT|PVEM_PT_MORENA=50.7; PAN|PRI|PRD|PAN_PRD|PAN_PRI|PAN_PRI_PRD|PRI_PRD=40.9,
PRE_2024,solo_en,Campaigns & Elections,candidato,PRE_2024_en_t01_r024,,2024-04-14,,,,MC=8; MORENA|PT|PVEM|PT_MORENA|PVEM_MORENA|PVEM_PT|PVEM_PT_MORENA=59; PAN|PRI|PRD|PAN_PRD|PAN_PRI|PAN_PRI_PRD|PRI_PRD=33,
PRE_2024,solo_en,TResearch,candidato,PRE_2024_en_t01_r025,,2024-04-14,,,,MC=4; MORENA|PT|PVEM|PT_MORENA|PVEM_MORENA|PVEM_PT|PVEM_PT_MORENA=54.3; PAN|PRI|PRD|PAN_PRD|PAN_PRI|PAN_PRI_PRD|PRI_PRD=30.2,
PRE_2024,solo_en,GEA-ISA,candidato,PRE_2024_en_t01_r026,,2024-04-14,,,,MC=6; MORENA|PT|PVEM|PT_MORENA|PVEM_MORENA|PVEM_PT|PVEM_PT_MORENA=49; PAN|PRI|PRD|PAN_PRD|PAN_PRI|PAN_PRI_PRD|PRI_PRD=34,
PRE_2024,solo_en,Áltica Research,candidato,PRE_2024_en_t01_r027,,2024-04-14,,,,MC=5; MORENA|PT|PVEM|PT_MORENA|PVEM_MORENA|PVEM_PT|PVEM_PT_MORENA=51; PAN|PRI|PRD|PAN_PRD|PAN_PRI|PAN_PRI_PRD|PRI_PRD=39,
PRE_2024,solo_en,LaEncuesta.mx,candidato,PRE_2024_en_t01_r023,,2024-04-16,,,,MC=6.3; MORENA|PT|PVEM|PT_MORENA|PVEM_MORENA|PVEM_PT|PVEM_PT_MORENA=49.7; PAN|PRI|PRD|PAN_PRD|PAN_PRI|PAN_PRI_PRD|PRI_PRD=40.8,
PRE_2024,solo_en,TResearch,candidato,PRE_2024_en_t01_r021,,2024-04-21,,,,MC=4.4; MORENA|PT|PVEM|PT_MORENA|PVEM_MORENA|PVEM_PT|PVEM_PT_MORENA=53.8; PAN|PRI|PRD|PAN_PRD|PAN_PRI|PAN_PRI_PRD|PRI_PRD=30.1,
PRE_2024,solo_en,MEBA,candidato,PRE_2024_en_t01_r022,,2024-04-21,,,,MC=10.7; MORENA|PT|PVEM|PT_MORENA|PVEM_MORENA|PVEM_PT|PVEM_PT_MORENA=51.2; PAN|PRI|PRD|PAN_PRD|PAN_PRI|PAN_PRI_PRD|PRI_PRD=24.6,
PRE_2024,solo_en,El Financiero,candidato,PRE_2024_en_t01_r020,,2024-04-24,,,,MC=8; MORENA|PT|PVEM|PT_MORENA|PVEM_MORENA|PVEM_PT|PVEM_PT_MORENA=49; PAN|PRI|PRD|PAN_PRD|PAN_PRI|PAN_PRI_PRD|PRI_PRD=32,
PRE_2024,solo_en,TResearch,candidato,PRE_2024_en_t01_r018,,2024-04-28,,,,MC=7.3; MORENA|PT|PVEM|PT_MORENA|PVEM_MORENA|PVEM_PT|PVEM_PT_MORENA=53; PAN|PRI|PRD|PAN_PRD|PAN_PRI|PAN_PRI_PRD|PRI_PRD=28.5,
PRE_2024,solo_en,Campaigns & Elections,candidato,PRE_2024_en_t01_r015,,2024-04-30,,,,MC=11; MORENA|PT|PVEM|PT_MORENA|PVEM_MORENA|PVEM_PT|PVEM_PT_MORENA=55; PAN|PRI|PRD|PAN_PRD|PAN_PRI|PAN_PRI_PRD|PRI_PRD=34,
PRE_2024,solo_en,LaEncuesta.mx,candidato,PRE_2024_en_t01_r016,,2024-04-30,,,,MC=6.9; MORENA|PT|PVEM|PT_MORENA|PVEM_MORENA|PVEM_PT|PVEM_PT_MORENA=48.9; PAN|PRI|PRD|PAN_PRD|PAN_PRI|PAN_PRI_PRD|PRI_PRD=40.4,
PRE_2024,solo_en,TResearch,candidato,PRE_2024_en_t01_r013,,2024-05-05,,,,MC=8.1; MORENA|PT|PVEM|PT_MORENA|PVEM_MORENA|PVEM_PT|PVEM_PT_MORENA=52.4; PAN|PRI|PRD|PAN_PRD|PAN_PRI|PAN_PRI_PRD|PRI_PRD=29,
PRE_2024,solo_en,Áltica Research,candidato,PRE_2024_en_t01_r014,,2024-05-05,,,,MC=7; MORENA|PT|PVEM|PT_MORENA|PVEM_MORENA|PVEM_PT|PVEM_PT_MORENA=50; PAN|PRI|PRD|PAN_PRD|PAN_PRI|PAN_PRI_PRD|PRI_PRD=40,
PRE_2024,solo_en,Campaigns & Elections,candidato,PRE_2024_en_t01_r011,,2024-05-11,,,,MC=13; MORENA|PT|PVEM|PT_MORENA|PVEM_MORENA|PVEM_PT|PVEM_PT_MORENA=55; PAN|PRI|PRD|PAN_PRD|PAN_PRI|PAN_PRI_PRD|PRI_PRD=32,
PRE_2024,solo_en,LaEncuesta.mx,candidato,PRE_2024_en_t01_r010,,2024-05-13,,,,MC=9; MORENA|PT|PVEM|PT_MORENA|PVEM_MORENA|PVEM_PT|PVEM_PT_MORENA=47.7; PAN|PRI|PRD|PAN_PRD|PAN_PRI|PAN_PRI_PRD|PRI_PRD=40.1,
PRE_2024,solo_en,MEBA,candidato,PRE_2024_en_t01_r006,,2024-05-26,,,,MC=10.1; MORENA|PT|PVEM|PT_MORENA|PVEM_MORENA|PVEM_PT|PVEM_PT_MORENA=51.3; PAN|PRI|PRD|PAN_PRD|PAN_PRI|PAN_PRI_PRD|PRI_PRD=22.9,
PRE_2024,solo_en,Reforma,candidato,PRE_2024_en_t01_r007,,2024-05-26,,,,MC=10; MORENA|PT|PVEM|PT_MORENA|PVEM_MORENA|PVEM_PT|PVEM_PT_MORENA=55; PAN|PRI|PRD|PAN_PRD|PAN_PRI|PAN_PRI_PRD|PRI_PRD=35,
PRE_2024,solo_en,CEDE,candidato,PRE_2024_en_t00_r004,,2024-05-28,,,,MC=10.7; MORENA|PT|PVEM|PT_MORENA|PVEM_MORENA|PVEM_PT|PVEM_PT_MORENA=56; PAN|PRI|PRD|PAN_PRD|PAN_PRI|PAN_PRI_PRD|PRI_PRD=33.3,
PRE_2024,solo_en,Bloomberg,candidato,PRE_2024_en_t00_r006,,2024-05-28,,,,MC=10.7; MORENA|PT|PVEM|PT_MORENA|PVEM_MORENA|PVEM_PT|PVEM_PT_MORENA=55.3; PAN|PRI|PRD|PAN_PRD|PAN_PRI|PAN_PRI_PRD|PRI_PRD=34,
PRE_2024,solo_en,Expansión Política,candidato,PRE_2024_en_t00_r007,,2024-05-28,,,,MC=10.36; MORENA|PT|PVEM|PT_MORENA|PVEM_MORENA|PVEM_PT|PVEM_PT_MORENA=53.16; PAN|PRI|PRD|PAN_PRD|PAN_PRI|PAN_PRI_PRD|PRI_PRD=33.76,
PRE_2024,solo_en,AtlasIntel,candidato,PRE_2024_en_t01_r005,,2024-05-28,,,,MC=16.1; MORENA|PT|PVEM|PT_MORENA|PVEM_MORENA|PVEM_PT|PVEM_PT_MORENA=48.2; PAN|PRI|PRD|PAN_PRD|PAN_PRI|PAN_PRI_PRD|PRI_PRD=34.9,
PRE_2024,solo_en,Polls.mx,candidato,PRE_2024_en_t00_r005,,2024-05-29,,,,MC=13; MORENA|PT|PVEM|PT_MORENA|PVEM_MORENA|PVEM_PT|PVEM_PT_MORENA=55; PAN|PRI|PRD|PAN_PRD|PAN_PRI|PAN_PRI_PRD|PRI_PRD=31,
PRE_2024,solo_en,LaEncuesta.mx,candidato,PRE_2024_en_t01_r003,,2024-05-29,,,,MC=8.4; MORENA|PT|PVEM|PT_MORENA|PVEM_MORENA|PVEM_PT|PVEM_PT_MORENA=47.3; PAN|PRI|PRD|PAN_PRD|PAN_PRI|PAN_PRI_PRD|PRI_PRD=40.7,
